INSERT INTO "PUBLIC"."PROGRAM" VALUES
('prg-1', STRINGDECODE('\uc124\uc545\uc0b0 \ud0d0\ubc29\uc548\ub0b4\uc18c, \uc2e0\ud765\uc0ac, \uad8c\uae08\uc131, \ube44\ub8e1\ud3ed\ud3ec'), STRINGDECODE(' \uc124\uc545\uc0b0\uc740 \uc65c \uc124\uc545\uc0b0\uc774\uace0, \uc2e0\ud765\uc0ac\ub294 \uc65c \uc2e0\ud765\uc0ac\uc77c\uae4c\uc694? \uc124\uc545\uc0b0\uc5d0 \ub300\ud574 \uc815\ud655\ud788 \uc54c\uace0, \ubc30\uc6b0\uace0, \ub290\ub084 \uc218 \uc788\ub294 \ub2f9\uc77c\ud615 \uc0dd\ud0dc\uad00\uad11\uc785\ub2c8\ub2e4.'), STRINGDECODE('\uc790\uc5f0\uacfc \ubb38\ud654\ub97c \ud568\uaed8 \uc990\uae30\ub294 \uc124\uc545\uc0b0 \uae30\ud589')),
('prg-2', STRINGDECODE('\uc18c\uaddc\ubaa8 \ud559\uc0dd\uc744 \uc704\ud55c \uc218\ud559\uc5ec\ud589 \ud504\ub85c\uadf8\ub7a8!'), STRINGDECODE(' \ubcf4\ub294 \uc218\ud559\uc5ec\ud589\uc774 \uc544\ub2cc \ud558\ub294 \uc218\ud559\uc5ec\ud589!\n \ud574\uc124\uc774 \uc788\uace0, \uc990\uac70\uc6b4 \uc0b0\uc73c\ub85c\uc758 \uc5ec\ud589!\n \ub9c8\uc744\uc5d0\uc11c \ub180\uba74\uc11c \ubc30\uc6b0\ub294 \uc5ec\ud589!'), STRINGDECODE('[\uc124\uc545\uc0b0] \uc124\uc545\uc0b0\uc5d0\uc11c \uae38\uc744 \ubb3b\ub2e4(\uc124\uc545\uc744 \ub0b4 \ud488\uc5d0)')),
('prg-3', STRINGDECODE('\uc6d4\uc815\uc0ac, \uc804\ub098\ubb34 \uc232\uae38, \uc131\ubcf4\ubc15\ubb3c\uad00'), STRINGDECODE(' \u2605 \uc6d4\uc815\uc0ac \uc5ed\uc0ac\u00b7\ubb38\ud654 \ud574\uc124\n \u2605 \uc804\ub098\ubb34 \uc232 \uc790\uc5f0\ud574\uc124\n \u2605 \uc131\ubcf4\ubc15\ubb3c\uad00 \ud0d0\ubc29'), STRINGDECODE('\uc624\ub300\uc0b0\uad6d\ub9bd\uacf5\uc6d0 \ud574\ud53c700!! \ubb38\ud654\u00b7\uc0dd\ud0dc \uc5ec\ud589')),
('prg-4', STRINGDECODE('\uc232\uce58\uc720, \ud658\uacbd\uc131\uc9c8\ud658 \uad50\uc721 \ubc0f \uc0c1\ub2f4, \uce5c\ud658\uacbd \ub9cc\ub4e4\uae30\uccb4\ud5d8 \ub4f1'), STRINGDECODE(' -\uc232\uce58\uc720\ud65c\ub3d9 : \uae08\uac15\uc18c\ub098\ubb34\uc232\uae38\uacfc \uc804\ub098\ubb34\uc232\uc5d0\uc11c\uc758 \ub180\uc774\uc640 \uba85\uc0c1, \uccb4\uc870\ub97c \ud1b5\ud55c \uce58\uc720\n -\ud658\uacbd\uc131\uc9c8\ud658 \uad50\uc721 : \uc804\ubb38 \uc758\ub8cc\uc778\uc758 \uad50\uc721 \ubc0f \uc0c1\ub2f4/\uc9c4\ub2e8\uc744 \ud1b5\ud55c \ud658\uacbd\uc131\uc9c8\ud658 \uc608\ubc29 \ubc0f \uc870\uae30\uce58\uc720 \ubc29\ubc95 \uc804\ub2ec\n -\uce5c\ud658\uacbd \ub9cc\ub4e4\uae30 : \ubc24\ud638\ubc15\ucc10\ubc29, \ud669\ud1a0\ud5c8\ube0c\ube44\ub204 \ub4f1 \ubab8\uc5d0 \uc88b\uc740 \uba39\uac70\ub9ac\uc640 \ube44\ub204\ub97c \uc9c1\uc811 \ub9cc\ub4dc\ub294 \uccb4\ud5d8'), STRINGDECODE('\uce58\uc545\uc0b0\uad6d\ub9bd\uacf5\uc6d0\uacfc \ud568\uaed8\ud558\ub294 \uac74\uac15\ub098\ub204\ub9ac\ucea0\ud504')),
('prg-5', STRINGDECODE('\uad6c\ub8e1\uc9c0\uad6c \uba85\ud488 \uae08\uac15\uc18c\ub098\ubb34\uae38 \uccb4\ud5d8, \ud559\uace11\ub9ac\ud5a5\ud1a0\uc694\ub9ac\uccb4\ud5d8\uc7a5'), STRINGDECODE(' \uad6d\ub9bd\uacf5\uc6d0\uc758 \uc2e0\ube44\ud55c \uc790\uc5f0 \uc0dd\ud0dc \uccb4\ud5d8\uacfc  \ub18d\ucd0c\ub9c8\uc744\uc5d0\uc11c\uc758 \uc804\ud1b5\uc74c\uc2dd, \uc804\ud1b5\ub180\uc774 \uccb4\ud5d8\uc744 \ud1b5\ud558\uc5ec \uc790\uc5f0\uacfc \uad50\uac10\ud558\uace0 \uc78a\ud600\uc838\uac00\ub294 \uc6b0\ub9ac \ubb38\ud654\uc758 \uc18c\uc911\ud568\uc744 \ub418\uc0c8\uae38 \uc218 \uc788\ub294 \ud504\ub85c\uadf8\ub7a8\uc785\ub2c8\ub2e4.  '), STRINGDECODE('FTA\uc640 \ud568\uaed8 \ud558\ub294 \ub179\uc0c9\uacf5\uac04 \uc18d \uac74\uac15\ucc3e\uae30(\ub2f9\uc77c\ud615)')),
('prg-6', STRINGDECODE('\uba85\ud488 \uae08\uac15\uc18c\ub098\ubb34\uae38 \uccb4\ud5d8(\uc790\uc5f0\ud574\uc124, \uc232\uba85\uc0c1, \uc232\uce58\uc720, \ub9e8\ubc1c\uac77\uae30 \ub4f1), \uc544\ube60\uc640 \ucea0\ud504 \ub4f1'), STRINGDECODE(' \uc5ec\ub984 \ud734\uac00\ucca0\uc744 \ub9de\uc544 \ud658\uacbd\uc744 \uc0ac\ub791\ud558\ub294 \uac00\uc871\uc744 \ub300\uc0c1\uc73c\ub85c \uc6b4\uc601\ud558\ub294 \uce5c\ud658\uacbd \ucea0\ud551 \ud504\ub85c\uadf8\ub7a8\uc785\ub2c8\ub2e4. \uc232\uacfc \uacc4\uace1\uc5d0 \uc0b4\uace0 \uc788\ub294 \uc790\uc5f0\uc758 \uce5c\uad6c\ub4e4\ub3c4 \ub9cc\ub098\ubcf4\uace0 \ub180\uc774\ub97c \ud1b5\ud574 \uc9c0\uad6c \ud658\uacbd\uc758 \uc911\uc694\uc131\ub3c4 \ub290\uaef4\ubcfc \uc218 \uc788\uc2b5\ub2c8\ub2e4. \ub610\ud55c \uc7ac\ubbf8\uc788\ub294 \uac00\uc871\ub300\ud56d \uac8c\uc784\uc744 \ud1b5\ud558\uc5ec \uac00\uc871\uc758 \uc815\uc744 \ubd81\ub3cb\uc744\uc218 \uc788\ub294 \ucd94\uc5b5\uc758 \uc2dc\uac04\uc744 \ub9c8\ub828\ud574 \ub4dc\ub9bd\ub2c8\ub2e4.'), STRINGDECODE('\uc544\ube60\uc640 \ud568\uaed8 \ud558\ub294 \uc800\ud0c4\uc18c \ub179\uc0c9\ud734\uac00(1\ubc152\uc77c)'));
INSERT INTO "PUBLIC"."PROGRAM" VALUES
('prg-7', STRINGDECODE('\uad6c\ub8e1\uc9c0\uad6c \uae08\uac15\uc18c\ub098\ubb34 \uba85\ud488\ub179\uc0c9\uae38 \uccb4\ud5d8, \ud559\uace11\ub9ac\ud5a5\ud1a0\uc694\ub9ac\uccb4\ud5d8\uc7a5'), STRINGDECODE(' \uae30\uc874 \uc6b4\uc601\ub418\ub358 \uad6d\ub9bd\uacf5\uc6d0 \uc790\uc5f0\ud574\uc124\uc5d0 \uacf5\uc6d0 \uc778\uadfc\uc9c0\uc5ed\uc758 \ud2b9\uc131\uc744 \ubc18\uc601\ud55c \ub18d\ucd0c\uccb4\ud5d8\uc744 \uac00\ubbf8\ud568\uc73c\ub85c\uc368 \ub2e4\uc591\ud55c \uccb4\ud5d8\uac70\ub9ac\ub97c \uc81c\uacf5\ud558\uace0 \uc9c0\uc5ed\uacbd\uc81c \ud65c\uc131\ud654 \ubfd0\ub9cc \uc544\ub2c8\ub77c \uc9c0\uc5ed\uc8fc\ubbfc\uacfc\uc758 \uc720\ub300\uad00\uacc4 \ud615\uc131\uc5d0\ub3c4 \ud06c\uac8c \uae30\uc5ec\ud558\ub294 \uace0\ud488\uaca9 \uc0dd\ud0dc\uad00\uad11'), STRINGDECODE('FTA\uc640 \ud568\uaed8 \ud558\ub294 \ub179\uc0c9\uacf5\uac04\uc18d \uac74\uac15\ucc3e\uae30(\ub2f9\uc77c\ud615)')),
('prg-8', STRINGDECODE('\uac15\uc6d0\uac10\uc601, \uad6d\ub9bd\uacf5\uc6d0 \uc5d0\ucf54\ud22c\uc5b4 \ud574\uc124, \uba78\uc885\uc704\uae30\ub3d9\uc2dd\ubb3c\uc6d0, \ub18d\ucd0c\uccb4\ud5d8, \ubc15\uacbd\ub9ac \ubb38\ud559\uacf5\uc6d0, \ud15c\ud50c\uc2a4\ud14c\uc774 \uccb4\ud5d8, \ub808\ud06c\ub808\uc774\uc158, \uace0\ud310\ud654 \ubc15\ubb3c\uad00'), STRINGDECODE(' \uc218\ub824\ud55c \uacbd\uad00\uc758 \uce58\uc545\uc0b0 \uad6d\ub9bd\uacf5\uc6d0\uc740 \uac15\uc6d0\uad8c\uc758 \uad50\ud1b5\uc694\uc9c0\uc778 \uc6d0\uc8fc\uc2dc\uc5d0 \uc778\uc811\ud574 \uc788\uc5b4 \uc218\ub3c4\uad8c\uacfc\uc758 \uac70\ub9ac\uac00 \uac00\uae5d\uc2b5\ub2c8\ub2e4.\n \uc790\uc5f0\uc744 \uc81c\ub300\ub85c \ub290\ub084 \uc218 \uc788\ub294 \uad6d\ub9bd\uacf5\uc6d0 \uc5d0\ucf54\ud22c\uc5b4\uc758 \ub2e4\uc591\ud55c \ud504\ub85c\uadf8\ub7a8\uc744 \ud1b5\ud574 \uc0c9\ub2e4\ub978 \uc218\ud559\uc5ec\ud589\uc744 \uc990\uae38 \uc218 \uc788\uc2b5\ub2c8\ub2e4.\n \ubb38\ud654\uac00 \uc788\ub294 \uc218\ud559\uc5ec\ud589\uc73c\ub85c\uc11c \ubc15\uacbd\ub9ac \ubb38\ud559\uad00\uacfc \uace0\ud310\ud654 \ubc15\ubb3c\uad00\uc744 \ud1b5\ud574 \ub2e4\uc591\ud55c \uc804\uc2dc\ubb3c \uad00\ub78c\uacfc \ud310\ud654 \uccb4\ud5d8 \ub4f1\uc744 \ud560 \uc218 \uc788\uc2b5\ub2c8\ub2e4.\n \uc544\ub984\ub2e4\uc6b4 \uc790\uc5f0\uacfc \ud568\uaed8 \ud558\uace0 \uc2f6\ub2e4\uba74 \uc57c\uc601\uc744, \uccb4\ud5d8\ud615 \uc219\ubc15\uc744 \uc6d0\ud55c\ub2e4\uba74 \ud15c\ud50c\uc2a4\ud14c\uc774\ub97c, \uc9c0\uc5ed\uc8fc\ubbfc\uc758 \ub530\ub73b\ud55c \ub9c8\uc74c\uc744 \ub290\ub07c\uace0 \uc2f6\ub2e4\uba74 \ubbfc\ubc15\uc744 \uc120\ud0dd \ud560 \uc218 \uc788\ub294 \uc219\ubc15\uc758 \ub2e4\uc591\ud654\uac00 \uad6c\ucd95\ub418\uc5b4 \uc788\uc2b5\ub2c8\ub2e4.\n \uc790\uc5f0\uc758 \ud5a5\uae30\ub97c \uc81c\ub300\ub85c \ub290\ub07c\uace0 \uc0c9\ub2e4\ub978 \uccb4\ud5d8\uc744 \uc6d0\ud55c\ub2e4\uba74 ''\uc790\uc5f0\uacfc \ubb38\ud654\uac00 \uc788\ub294 \uce58\uc545\uc0b0 \uc218\ud559\uc5ec\ud589''\uc5d0 \ucc38\uc5ec\ud574 \ubcf4\uc2dc\uae38 \ubc14\ub78d\ub2c8\ub2e4.'), STRINGDECODE('\uc790\uc5f0\uacfc \ubb38\ud654\uac00 \uc788\ub294 \uce58\uc545\uc0b0 \uc218\ud559\uc5ec\ud589')),
('prg-9', STRINGDECODE('\uae08\uac15\uc18c\ub098\ubb34 \uba85\ud488\ub179\uc0c9\uae38 \uccb4\ud5d8, \ub18d\ucd0c \uccb4\ud5d8, \uc0ac\ucc30\ubb38\ud654 \uccb4\ud5d8, \uad70\ubd80\ub300 \uccb4\ud5d8 '), STRINGDECODE(' \uad6d\ub9bd\uacf5\uc6d0 \uc0dd\ud0dc\uccb4\ud5d8\uacfc \ub354\ubd88\uc5b4 Farm stay(\ub18d\ucd0c\uccb4\ud5d8), Temple stay(\uc0ac\ucc30\uccb4\ud5d8) \ubc0f Army stay(\ubcd1\uc601\uccb4\ud5d8) \ub4f1 \ub2e4\uc591\ud55c \ubd84\uc57c\uc758 \uccb4\ud5d8\uc744 \ud1b5\ud558\uc5ec \uc790\uc5f0\uacfc \uc6b0\ub9ac \ubb38\ud654\uc758 \uc18c\uc911\ud568\uc744 \ub290\ub07c\uace0 \uc0b6\uc758 \ud65c\ub825\uc18c\ub97c \ub418\ucc3e\ub294 \uce58\uc545\uc0b0 \ub300\ud45c \ud504\ub85c\uadf8\ub7a8\uc785\ub2c8\ub2e4. '), STRINGDECODE('FTA\uc640 \ud568\uaed8 \ud558\ub294 \ub179\uc0c9\uacf5\uac04 \uc18d \uac74\uac15\ucc3e\uae30(1\ubc152\uc77c)')),
('prg-10', STRINGDECODE('\uae08\uac15\uc18c\ub098\ubb34 \uba85\ud488\ub179\uc0c9\uae38 \uccb4\ud5d8, \ub18d\ucd0c \uccb4\ud5d8, \uc0ac\ucc30\ubb38\ud654 \uccb4\ud5d8, \uad70\ubd80\ub300 \uccb4\ud5d8'), STRINGDECODE(' \uad6d\ub9bd\uacf5\uc6d0\uc758 \uc790\uc5f0\ud574\uc124\uc5d0 F(\ud31c\uc2a4\ud14c\uc774), T(\ud15c\ud50c\uc2a4\ud14c\uc774), A(\uc544\ubbf8\uc2a4\ud14c\uc774) \uccb4\ud5d8\uc744 \uac00\ubbf8\ud568\uc73c\ub85c\uc368 \uc218\ud3c9\ud615 \ud0d0\ubc29\ubb38\ud654 \uc720\ub3c4\ub97c \ud1b5\ud55c \uad6d\ub9bd\uacf5\uc6d0 \ud6fc\uc190\uc744 \ucd5c\uc18c\ud654 \ud558\uace0 \uc9c0\uc5ed\uacbd\uc81c \ud65c\uc131\ud654\uc5d0\ub3c4 \ub3c4\uc6c0\uc744 \uc904\uc218\uc788\ub294 \uace0\ud488\uaca9 \uc0dd\ud0dc\uad00\uad11'), STRINGDECODE('FTA\uc640 \ud568\uaed8 \ud558\ub294 \ub179\uc0c9\uacf5\uac04\uc18d \uac74\uac15\ucc3e\uae30(1\ubc152\uc77c)'));
INSERT INTO "PUBLIC"."PROGRAM" VALUES
('prg-11', STRINGDECODE('\uac15\uc6d0\uac10\uc601, \uad6d\ub9bd\uacf5\uc6d0 \uc5d0\ucf54\ud22c\uc5b4 \ud574\uc124, \uba78\uc885\uc704\uae30\ub3d9\uc2dd\ubb3c\uc6d0, \ub18d\ucd0c\uccb4\ud5d8, \ubc15\uacbd\ub9ac \ubb38\ud559\uacf5\uc6d0, \ud15c\ud50c\uc2a4\ud14c\uc774 \uccb4\ud5d8, \ub808\ud06c\ub808\uc774\uc158, \uace0\ud310\ud654 \ubc15\ubb3c\uad00 '), STRINGDECODE(' \uc218\ub824\ud55c \uacbd\uad00\uc758 \uce58\uc545\uc0b0 \uad6d\ub9bd\uacf5\uc6d0\uc740 \uac15\uc6d0\uad8c\uc758 \uad50\ud1b5\uc694\uc9c0\uc778 \uc6d0\uc8fc\uc2dc\uc5d0 \uc778\uc811\ud574 \uc788\uc5b4 \uc218\ub3c4\uad8c\uacfc\uc758 \uac70\ub9ac\uac00 \uac00\uae5d\uc2b5\ub2c8\ub2e4. \uc790\uc5f0\uc744 \uc81c\ub300\ub85c \ub290\ub084 \uc218 \uc788\ub294 \uad6d\ub9bd\uacf5\uc6d0 \uc5d0\ucf54\ud22c\uc5b4\uc758 \ub2e4\uc591\ud55c \ud504\ub85c\uadf8\ub7a8\uc744 \ud1b5\ud574 \uc0c9\ub2e4\ub978 \uc218\ud559\uc5ec\ud589\uc744 \uc990\uae38 \uc218 \uc788\uc2b5\ub2c8\ub2e4. \ubb38\ud654\uac00 \uc788\ub294 \uc218\ud559\uc5ec\ud589\uc73c\ub85c\uc11c \ubc15\uacbd\ub9ac \ubb38\ud559\uad00\uacfc \uace0\ud310\ud654 \ubc15\ubb3c\uad00\uc744 \ud1b5\ud574 \ub2e4\uc591\ud55c \uc804\uc2dc\ubb3c \uad00\ub78c\uacfc \ud310\ud654 \uccb4\ud5d8 \ub4f1\uc744 \ud560 \uc218 \uc788\uc2b5\ub2c8\ub2e4. \uc544\ub984\ub2e4\uc6b4 \uc790\uc5f0\uacfc \ud568\uaed8 \ud558\uace0 \uc2f6\ub2e4\uba74 \uc57c\uc601\uc744, \uccb4\ud5d8\ud615 \uc219\ubc15\uc744 \uc6d0\ud55c\ub2e4\uba74 \ud15c\ud50c\uc2a4\ud14c\uc774\ub97c, \uc9c0\uc5ed\uc8fc\ubbfc\uc758 \ub530\ub73b\ud55c \ub9c8\uc74c\uc744 \ub290\ub07c\uace0 \uc2f6\ub2e4\uba74 \ubbfc\ubc15\uc744 \uc120\ud0dd \ud560 \uc218 \uc788\ub294 \uc219\ubc15\uc758 \ub2e4\uc591\ud654\uac00 \uad6c\ucd95\ub418\uc5b4 \uc788\uc2b5\ub2c8\ub2e4. \uc790\uc5f0\uc758 \ud5a5\uae30\ub97c \uc81c\ub300\ub85c \ub290\ub07c\uace0 \uc0c9\ub2e4\ub978 \uccb4\ud5d8\uc744 \uc6d0\ud55c\ub2e4\uba74 ''\uc790\uc5f0\uacfc \ubb38\ud654\uac00 \uc788\ub294 \uce58\uc545\uc0b0 \uc218\ud559\uc5ec\ud589''\uc5d0 \ucc38\uc5ec\ud574 \ubcf4\uc2dc\uae38 \ubc14\ub78d\ub2c8\ub2e4. '), STRINGDECODE('\uc790\uc5f0\uacfc \ubb38\ud654\uac00 \uc788\ub294 \uce58\uc545\uc0b0 \uc218\ud559\uc5ec\ud589')),
('prg-12', STRINGDECODE('1\uc77c\ucc28: \uc5b4\ub984\uce58\ub9c8\uc744 \uc778\uadfc \ud0d0\ubc29, 2\uc77c\ucc28: \uc624\ub300\uc0b0\uad6d\ub9bd\uacf5\uc6d0 \ud0d0\ubc29, 3\uc77c\ucc28: \ubd09\ud3c9\ub9c8\uc744 \ud0d0\ubc29'), STRINGDECODE('1\uc77c\ucc28: \ubc31\ub8e1\ub3d9\uad74, \ubbfc\ubb3c\uace0\uae30\uc0dd\ud0dc\uad00 \uccb4\ud5d8, \uce60\uc871\ub839 \ud2b8\ub808\ud0b9\n 2\uc77c\ucc28: \ub300\uad00\ub839 \uc591\ub5bc\ubaa9\uc7a5, \uc2e0\uc7ac\uc0dd \uc5d0\ub108\uc9c0\uc804\uc2dc\uad00, \uc624\ub300\uc0b0\uad6d\ub9bd\uacf5\uc6d0\n 3\uc77c\ucc28: \uc774\ud6a8\uc11d \ubb38\ud559\uad00, \ubd09\ud3c9\ub9c8\uc744'), STRINGDECODE('\uc624\uac10\ub9cc\uc871! \uc624\ub300\uc0b0 \uc5d0\ucf54 \uc5b4\ub4dc\ubca4\ucc98 \ud22c\uc5b4')),
('prg-13', STRINGDECODE('\uc120\uc7ac\uae38, \ud55c\uad6d\uc790\uc0dd\uc2dd\ubb3c\uc6d0, \uc804\ub098\ubb34\uc232, \uc6d4\uc815\uc0ac, \ubc29\uc544\ub2e4\ub9ac\uc57d\uc218'), STRINGDECODE(' \ucc9c\ub144\uc758 \uc232\uc73c\ub85c \ubd88\ub9ac\ub294 \uc624\ub300\uc0b0 \uc804\ub098\ubb34\uc232\uacfc \uc120\uc7ac\uae38\uc5d0\uc11c \ub2e4\uc591\ud55c \uc232\uce58\uc720 \ud504\ub85c\uadf8\ub7a8 \uccb4\ud5d8'), STRINGDECODE('\uc624\ub300\uc0b0\uad6d\ub9bd\uacf5\uc6d0 \ud790\ub9c1\ucea0\ud504')),
('prg-14', STRINGDECODE('\uc18c\uae08\uac15, \uc0bc\uc0b0\ud14c\ub9c8\ud30c\ud06c'), STRINGDECODE(' \uc624\ub300\uc0b0\uad6d\ub9bd\uacf5\uc6d0\uc758 \ub300\ud45c \uacbd\uad00\uc778 \uc18c\uae08\uac15\uc9c0\uad6c\uc5d0\uc11c \ub300\uc790\uc5f0\uc758 \uc544\ub984\ub2e4\uc6c0\uc744 \uc81c\ub300\ub85c \uc990\uae34\ub2e4.'), STRINGDECODE('\uc18c\uae08\uac15 \uc9c0\uc5ed\ubb38\ud654 \uccb4\ud5d8')),
('prg-15', STRINGDECODE('\uc624\ub300\uc0b0\uad6d\ub9bd\uacf5\uc6d0 \uc804\ub098\ubb34\uc232, \uc6d4\uc815\uc0ac, \uc0c1\uc6d0\uc0ac, \uc2e0\uc7ac\uc0dd\uc5d0\ub108\uc9c0\uc804\uc2dc\uad00, \ub300\uad00\ub839 \uc591\ub5bc\ubaa9\uc7a5, \ud55c\uad6d\uc790\uc0dd\uc2dd\ubb3c\uc6d0, \ud5c8\ube0c\ub098\ub77c'), STRINGDECODE(' - \uc804\ub098\ubb34\uc232 \uc0dd\ud0dc\uccb4\ud5d8\n - \uc6d4\uc815\uc0ac, \uc0c1\uc6d0\uc0ac \uc5ed\uc0ac\ubb38\ud654 \uccb4\ud5d8\n - \ub300\uad00\ub839 \uc591\ub5bc\ubaa9\uc7a5 \uccb4\ud5d8 \n - \uc2e0\uc7ac\uc0dd\uc5d0\ub108\uc9c0\uad00 \uccb4\ud5d8\n - \ud55c\uad6d\uc790\uc0dd\uc2dd\ubb3c\uc6d0 \uccb4\ud5d8\n - \ud5c8\ube0c\ub098\ub77c \uccb4\ud5d8'), STRINGDECODE('(1\ubc152\uc77c)\uc790\uc5f0\uc73c\ub85c \ub5a0\ub098\ub294 \ud589\ubcf5\uc5ec\ud589'));
INSERT INTO "PUBLIC"."PROGRAM" VALUES
('prg-16', STRINGDECODE('\ubb38\ud654\uc0dd\ud0dc\uccb4\ud5d8'), STRINGDECODE(' \ubb38\ud654\uc0dd\ud0dc\uccb4\ud5d8'), STRINGDECODE('\uc232\uacfc \ud14c\ub9c8\uac00 \uc788\ub294 \uc6b0\uc774\ub839\uc73c\ub85c\uc758 \uc5ec\ud589')),
('prg-17', STRINGDECODE('\ubb38\ud654\uc0dd\ud0dc\uccb4\ud5d8'), STRINGDECODE(' \ubb38\ud654\uc0dd\ud0dc\uccb4\ud5d8'), STRINGDECODE('\ub3c4\ubd09\uc0b0 \ud560\uc544\ubc84\uc9c0\uc640 \ud568\uaed8\ud558\ub294 \uacf5\uc5f0\uc5ec\ud589')),
('prg-18', STRINGDECODE('\ud568\uc591\ubd84\uc18c - \ubc40\uc0ac\uace8\ud0d0\ubc29\uc548\ub0b4\uc18c - \uc131\uc0bc\uc7ac - \uc0bc\uc131\uad81 - \ucd5c\ucc38\ud310\ub301 - \ub9e4\uc554\ub2e4\uc6d0 - \uc911\uc0b0\ub9ac\ud0d0\ubc29\uc548\ub0b4\uc18c'), '', STRINGDECODE('\uc9c0\ub9ac\uc0b0 800\ub9ac\uae38')),
('prg-19', STRINGDECODE('\uc9c0\uc2ec\ub3c4, \uc870\uc120\ud574\uc591\ubb38\ud654\uad00 \ub4f1'), STRINGDECODE(' \ud55c\ub824\ud574\uc0c1\uad6d\ub9bd\uacf5\uc6d0 \uac70\uc81c\ud574\uae08\uac15\uc9c0\uad6c\ub97c \ud0d0\ubc29\ud558\ub294 \uc77c\uc815\uc73c\ub85c \ub3d9\ubc31\uc12c\uc73c\ub85c \uc54c\ub824\uc9c4 \uc544\ub984\ub2e4\uc6b4 \uc12c \uc9c0\uc2ec\ub3c4\ub97c \ube44\ub86f\ud558\uc5ec \uc870\uc120\ud574\uc591\ubb38\ud654\uad00 \ud0d0\ubc29\uae4c\uc9c0! \uc990\uac70\uc6b4 \uc77c\uc815\uc73c\ub85c \ucc44\uc6cc\uc838 \uc788\uc2b5\ub2c8\ub2e4. '), STRINGDECODE('\ud55c\ub824\ud574\uc0c1\uad6d\ub9bd\uacf5\uc6d0\uc73c\ub85c \ub5a0\ub098\ub294 \uc790\uc5f0\uc5ec\ud589')),
('prg-20', STRINGDECODE('1\uc77c\ucc28-\ub300\uc6d0\uc0ac\ud15c\ud50c\uc2a4\ud14c\uc774 /  2\uc77c\ucc28-\ub0a8\uba85\uc870\uc2dd\uc720\uc801, \uc9c0\ub9ac\uc0b0\uc911\uc0b0\ub9ac\ud0d0\ubc29\uc548\ub0b4\uc18c,\ub3c4\uc778\ucd0c\ub9c8\uc744,\uccad\ud559\ub3d9 \uc608\uc808\uad50\uc2e4 / 3\uc77c\ucc28-\ud3c9\uc0ac\ub9ac \ucd5c\ucc38\ud310\ub301, \uc6b4\uc870\ub8e8, \uc9c0\ub9ac\uc0b0\uc885\ubcf5\uc6d0\uc13c\ud130'), STRINGDECODE(' \uc2a4\uccd0\uc9c0\ub098\uac00\ub294 \uc5ec\ud589\uc774 \uc544\ub2cc \ubab8\uacfc \ub9c8\uc74c\uc73c\ub85c \uccb4\ud5d8\ud558\ub294 \uc9c0\ub9ac\uc0b0\uc758 \ud0dc\uace0\uc801 \uc790\uc5f0\uc0dd\ud0dc, \uc778\ubb38\uc9c0\ub9ac, \uc5ed\uc0ac\ubb38\ud654\ub97c \uc54c\uc544\uac00\ub294 \uc9c0\ub9ac\uc0b0\uc0dd\uba85 \ucc3e\uae30 \uc5ec\ud589\uc785\ub2c8\ub2e4.'), STRINGDECODE('[\uc218\ud559\uc5ec\ud589] \uc544\uc8fc \ud2b9\ubcc4\ud55c \uc9c0\ub9ac\uc0b0\uc5ec\ud589(2\ubc153\uc77c\ud615)')),
('prg-21', STRINGDECODE('\ub0a8\ud574 \ud3b8\ubc31 \uc232 \uc18d\uc5d0\uc11c \uc9c4\ud589\ub418\ub294 \uc544\ud1a0\ud53c \ucc9c\uc2dd \uadf9\ubcf5\ucea0\ud504(\ub0a8\ud574\uae08\uc0b0, \ud3b8\ubc31\ud734\uc591\ub9bc, \ub098\ube44\uc0dd\ud0dc\uacf5\uc6d0)'), STRINGDECODE(' \ub0a8\ud574 \ubc14\ub2e4\ub97c \uc606\uc5d0 \ub454 \uc6b8\ucc3d\ud55c \ud3b8\ubc31\ub9bc \uc18d\uc5d0\uc11c \uc232\ud574\uc124\uac00, \uc804\ubb38 \uc758\ub8cc\uc9c4\uacfc \ud568\uaed8\ud558\ub294 \uc790\uc5f0 \uc18d \uac74\uac15\ud55c \uc0dd\ud65c \uccb4\ud5d8 '), STRINGDECODE('\uac74\uac15\ud55c \uc232 \uc0dd\ud0dc\uacc4 \uc774\uc57c\uae30')),
('prg-22', STRINGDECODE('\ub450\ubaa8\ub9c8\uc744 \uc804\ud1b5\uc5b4\ub85c\uccb4\ud5d8 ''\uac1c\ub9e4\uae30 \uccb4\ud5d8'' \ucc38\uc5ec, ''\ub0b4\uac00 \uc88b\uc544\ud558\ub294 \uccad\uc815\ubc14\ub2e4 \uc0dd\ubb3c'' \ud574\uc124\ud504\ub85c\uadf8\ub7a8 \uc9c4\ud589'), STRINGDECODE(' \ubc00\ubb3c\uacfc \uc370\ubb3c \uc790\uc5f0\uc758 \uc6d0\ub9ac\ub97c \uc774\uc6a9\ud55c \uc804\ud1b5\uc5b4\ub85c\uccb4\ud5d8\uacfc \uad6d\ub9bd\uacf5\uc6d0 \uc790\uc5f0\ud574\uc124\uc744 \ud1b5\ud574 \ud55c\ub824\ud574\uc0c1 \uad6d\ub9bd\uacf5\uc6d0 \uccad\uc815\ubc14\ub2e4\ub97c \uccb4\ud5d8\ud569\ub2c8\ub2e4'), STRINGDECODE('[\uc9c0\uc5ed\uc5f0\uacc4 \ud504\ub85c\uadf8\ub7a8] \ub2e4\ud568\uaed8 \ud55c\ub824\ud574\uc0c1 \uccad\uc815\ubc14\ub2e4 \ubcf4\ubb3c\ucc3e\uae30')),
('prg-23', STRINGDECODE('\uc774\ub77d\uc0ac\uc640 \ucda9\ub82c\uc0ac, \uac70\ubd81\uc120, \ub2e4\ub7ad\uc774 \ub17c, \ub0a8\ud574 \ubcf4\ub9ac\uc554, \uc0c1\uc8fc\ud574\ubcc0, \ub3c5\uc77c\ub9c8\uc744, \uc9c0\uc871 \uc8fd\ubc29\ub834, \ub0a8\ud574 \ubc14\ub798\uae38'), STRINGDECODE('\uc774\uc21c\uc2e0 \uc7a5\uad70\uc758 \ud63c\uc774 \ub2f4\uae34 \ub178\ub7c9\uc758 \ubc14\ub2e4\uc640, \n \ub0a8\ud574\uc758 \uc0ac\ub78c\ub4e4\uc774 \uc77c\uad70 \ub2e4\ub7ad\uc774 \ub17c\uacfc, \n \uc0b0 \uc790\uccb4\uac00 \ubb38\ud654\uc7ac\uc778 \ub0a8\ud574 \uae08\uc0b0, \n \ub0a8\ud574\uc548 \uc81c\uc77c\uc758 \ud574\uc218\uc695\uc7a5 \uc0c1\uc8fc\ud574\ubcc0, \n \uc804\ud1b5 \uc5b4\uc5c5\ubc29\ubc95\uc778 \uc8fd\ubc29\ub834 \uccb4\ud5d8\uc744 \ud1b5\ud574 \n \uc0b0\uacfc \ubc14\ub2e4\uc640 \uc0ac\ub78c\uc774 \uc5b4\uc6b0\ub7ec\uc9c4 300\ub9ac \uc544\ub984\ub2e4\uc6b4 \ubc14\ub2f7\uae38\n \ud55c\ub824\ud574\uc0c1\uad6d\ub9bd\uacf5\uc6d0\uc758 \ub0a8\ud574\ub97c \ub9cc\ub098\uc138\uc694'), STRINGDECODE('[\uc218\ud559\uc5ec\ud589] \ud558\ub298\uc774 \ub0b4\ub9b0 \uc120\ubb3c, \ub0a8\ud574 \uc54c\ucc2c \uc5ec\ud589'));
INSERT INTO "PUBLIC"."PROGRAM" VALUES
('prg-24', STRINGDECODE('\ubaa9\uba74\uc2dc\ubc30\uc720\uc9c0 ~ \ub0a8\uc0ac\uc608\ub2f4\ucd0c ~ \uc911\uc0b0\ub9ac\ud0d0\ubc29\uc548\ub0b4\uc18c ~ \uc911\uc0b0\ub9ac \uc790\uc5f0\uad00\ucc30\ub85c '), STRINGDECODE(' \uc0b0\uccad\uad70 \uc9c0\ub9ac\uc0b0\uc790\ub77d\uc758 \ubb38\ud654\ub97c \ub9cc\ub07d\ud558\uace0\n <BR>\uc9c0\ub9ac\uc0b0\uad6d\ub9bd\uacf5\uc6d0 \uc790\uc5f0\uc744 \uc990\uae38 \uc218 \uc788\ub294 \uc5ec\ud589'), STRINGDECODE('\ub3cc\ub2f4\uae38 \ub530\ub77c \ubb38\ud654\ub97c \uc5ff\ubcf4\uace0 \uc232\uae38 \ub530\ub77c \uc790\uc5f0\uc744 \ub2f4\uc544\uc694!')),
('prg-25', STRINGDECODE('\uc911\uc0b0\ub9ac\ud0d0\ubc29\uc548\ub0b4\uc18c~\uc911\uc0b0\ub9ac \uc790\uc5f0\uad00\ucc30\ub85c~\ud558\ub3d9\uc30d\uacc4\uc0ac~\ud558\ub3d9 \ucc28\ubb38\ud654\uc13c\ud130'), STRINGDECODE(' \uc9c0\ub9ac\uc0b0\uad6d\ub9bd\uacf5\uc6d0\uc758 \uc790\uc5f0\ud658\uacbd\uacfc \ubb38\ud654\uc720\uc0b0\uc744 \ud0d0\ubc29\ud558\uba74\uc11c \ub290\ub07c\uace0 \uccb4\ud5d8\ud560 \uc218 \uc788\ub294 \ud504\ub85c\uadf8\ub7a8\uc785\ub2c8\ub2e4.'), STRINGDECODE('\uc9c0\ub9ac\uc0b0\uad6d\ub9bd\uacf5\uc6d0 \uc0dd\ud0dc\uccb4\ud5d8 \ud559\uc2b5!')),
('prg-26', STRINGDECODE('\ud55c\uc0b0\ub3c4 \uc790\uc804\uac70 \ud22c\uc5b4, \uc774\ucda9\ubb34\uacf5\uc720\uc801\uc9c0 \uc5ed\uc0ac \ud0d0\ubc29, \uc5fc\uac1c\uac2f\ubc8c \uc0dd\ud0dc\uccb4\ud5d8, \ub300\ub098\ubb34\ub97c \uc774\uc6a9\ud55c \uc5b4\ub85c\uccb4\ud5d8, \ubc14\ub2e4 \ud328\uac01\uc744 \uc774\uc6a9\ud55c \uc18c\ub9dd\ucd08 \ub9cc\ub4e4\uae30, \ucea0\ud504\ud30c\uc774\uc5b4 \ub4f1'), STRINGDECODE(' \ud55c\uc0b0\ub300\ucca9 \uc2b9\ub9ac\uc758 \uc5ed\uc0ac\uac00 \uc0b4\uc544 \uc228\uc26c\ub294 \ud1b5\uc601 \ud55c\uc0b0\ub3c4\uc5d0\uc11c \uc544\ub984\ub2e4\uc6b4 \ubc14\ub2e4\ub97c \ubc30\uacbd\uc73c\ub85c \ud574\uc0c1\uacf5\uc6d0\uc5d0\uc11c\ub9cc \ub9cc\ub0a0 \uc218 \uc788\ub294 \uac01\uc885 \ud2b9\uc0c9\uc788\ub294 \uccb4\ud5d8\ub180\uc774\uac00 \uc900\ube44\ub418\uc5b4 \uc788\uc2b5\ub2c8\ub2e4.'), STRINGDECODE('\uc774\ucda9\ubb34\uacf5\uc758 \uc5bc\uc744 \ucc3e\uc544 \ub5a0\ub098\ub294 \ud55c\uc0b0\ub3c4 \uc5ed\uc0ac\uc5ec\ud589')),
('prg-27', STRINGDECODE('\uc774\ucda9\ubb34\uacf5\uc720\uc801\uc9c0 \uc5ed\uc0ac \ud0d0\ubc29, \ud55c\uc0b0\ub3c4 \uc790\uc804\uac70 \ud22c\uc5b4, \ub300\ub098\ubb34 \uc5b4\ub85c\uccb4\ud5d8'), STRINGDECODE(' \ud55c\uc0b0\ub300\ucca9 \uc2b9\ub9ac\uc758 \uc5ed\uc0ac\uac00 \uc0b4\uc544 \uc228\uc26c\ub294 \ud1b5\uc601 \ud55c\uc0b0\ub3c4\uc5d0\uc11c \uc544\ub984\ub2e4\uc6b4 \ubc14\ub2e4\ub97c \ubc30\uacbd\uc73c\ub85c \ud574\uc0c1\uacf5\uc6d0\uc5d0\uc11c\ub9cc \ub9cc\ub0a0 \uc218 \uc788\ub294 \uac01\uc885 \ud2b9\uc0c9\uc788\ub294 \uccb4\ud5d8\ub180\uc774\uac00 \uc900\ube44\ub418\uc5b4 \uc788\uc2b5\ub2c8\ub2e4. '), STRINGDECODE('\uc774\ucda9\ubb34\uacf5\uc758 \uc5bc\uc744 \ucc3e\uc544 \ub5a0\ub098\ub294 \ud55c\uc0b0\ub3c4 \uc5ed\uc0ac\uc5ec\ud589(\ub2f9\uc77c\ud615)')),
('prg-28', STRINGDECODE('\ub2ec\uc544\uacf5\uc6d0 \ud0d0\ubc29, \ud1b5\uc601\uc804\ud1b5\uacf5\uc608\uad00, \ud5a5\ud1a0\uc5ed\uc0ac\uad00, \uc774\uc21c\uc2e0\uacf5\uc6d0 \ub4f1'), STRINGDECODE(' \ud55c\ub824\ud574\uc0c1\uad6d\ub9bd\uacf5\uc6d0\uc758 \uc5ec\ub7ec \uc12c\ub4e4\uc744 \ubcfc \uc218 \uc788\ub294  \ub2ec\uc544\uacf5\uc6d0\ud0d0\ubc29\uacfc \ud1b5\uc601 \uc804\ud1b5\ubb38\ud654\ub97c \uc5ff\ubcf4\ub294 \uc804\ud1b5\uacf5\uc608\uad00\uacfc \ud5a5\ud1a0\uc5ed\uc0ac\uad00 \ud0d0\ubc29 \ub4f1 \uc6b0\ub9ac\uc758 \uc804\ud1b5\ubb38\ud654\ub97c \ub458\ub7ec \ubcf4\ub294 \uc2dc\uac04\uc785\ub2c8\ub2e4. ^^*'), STRINGDECODE('\uad6d\ub9bd\uacf5\uc6d0\uacfc \ud568\uaed8\ud558\ub294 \uc6b0\ub9ac\uc758 \uc804\ud1b5\ubb38\ud654')),
('prg-29', STRINGDECODE('\ub300\uc6b0\uc870\uc120\ud574\uc591 \uacac\ud559, \ud559\ub3d9, \ubc14\ub78c\uc758 \uc5b8\ub355 \uc77c\uc6d0 \ub4f1'), STRINGDECODE(' \uc218\ub824\ud55c \uc790\uc5f0\uacbd\uad00\uc744 \uc9c0\ub2cc \uc544\ub984\ub2e4\uc6b4 \ud559\ub3d9 \ud574\uc218\uc695\uc7a5\uc5d0\uc11c\uc758 ''\ub465\uae00\ub465\uae00 \ubabd\ub3cc\uc774\uc57c\uae30''\uc640 \ub300\uc6b0\uc870\uc120\ud590\uc601 \uc870\uc120\uc18c\uc758 \uacac\ud559 \ub4f1 \uc990\uac70\uc6b4 \uccb4\ud5d8\uc774 \uae30\ub2e4\ub9ac\uace0 \uc788\uc2b5\ub2c8\ub2e4 ^^'), STRINGDECODE('\uc544\ub984\ub2e4\uc6b4 \ub098\uc758 \uc870\uad6d, \uc544\ub984\ub2e4\uc6b4 \uad6d\ub9bd\uacf5\uc6d0!'));
INSERT INTO "PUBLIC"."PROGRAM" VALUES
('prg-30', STRINGDECODE('\ubbf8\ub798\uc0ac \ud3b8\ubc31\uc232 \ud0d0\ubc29, \uce5c\ud658\uacbd \uba39\uac70\ub9ac \uccb4\ud5d8, \uc790\uc5f0\ud574\uc124 \ud504\ub85c\uadf8\ub7a8 \uc9c4\ud589, \uc544\ud1a0\ud53c \uad00\ub828 \uc804\ubb38\uac15\uc758 \ub4f1'), STRINGDECODE(' \ubbf8\ub798\uc0ac \ud3b8\ubc31\uc232 \ud0d0\ubc29, \uce5c\ud658\uacbd \uba39\uac70\ub9ac \uccb4\ud5d8, \uc790\uc5f0\ud574\uc124 \ud504\ub85c\uadf8\ub7a8 \uc9c4\ud589, \uc544\ud1a0\ud53c \uad00\ub828 \uc804\ubb38\uac15\uc758 \ub4f1 \uc544\ud1a0\ud53c \ud658\uc544 \ubc0f \ubd80\ubaa8\ub2d8\ub4e4\uc744 \uc704\ud55c \uc720\uc6a9\ud55c \ub0b4\uc6a9\uc73c\ub85c \uaf49 \ucc44\uc6cc\uc838 \uc788\uc2b5\ub2c8\ub2e4. '), STRINGDECODE('\uad6d\ub9bd\uacf5\uc6d0\uacfc \ud568\uaed8\ud558\ub294 \uac74\uac15\ub098\ub204\ub9ac\ucea0\ud504')),
('prg-31', STRINGDECODE('\ud1b5\uc601 \ubbf8\ub975\uc0b0, \ub2ec\uc544\uc804\ub9dd\ub300 \ub4f1'), STRINGDECODE(' \uc9c0\uc5ed\ud559\uad50 \ubbf8\ub798\uc138\ub300\ub4e4\uacfc \ud568\uaed8 \ud560 \uc218 \uc788\ub294 \uccb4\ud5d8\ud615 \ud504\ub85c\uadf8\ub7a8\uc785\ub2c8\ub2e4. \uad6d\ub9bd\uacf5\uc6d0 \uc232\uc5d0\uc11c \ub9cc\ub098\ubcfc \uc218 \uc788\ub294 \uc2dd\ubb3c\uc5d0 \ub300\ud574 \uc54c\uc544\ubcf4\uace0, \ub2ec\uc544\uc804\ub9dd\ub300\uc5d0\uc11c \uc12c \uc774\uc57c\uae30\uc5d0 \ub300\ud574 \ub4e4\uc5b4\ubcfc\uc218\ub3c4 \uc788\uc2b5\ub2c8\ub2e4. '), STRINGDECODE('\uc9c0\uc5ed\ud559\uad50 \ubbf8\ub798\uc138\ub300\uc640 \ud568\uaed8\ud558\ub294 \uc0dd\ud0dc\uad00\uad11')),
('prg-32', STRINGDECODE('1\uc77c\ucc28-\uc9c4\uc8fc(\uad6d\ub9bd\uc9c4\uc8fc\ubc15\ubb3c\uad00 \ub4f1), \ud1b5\uc601(\ud55c\uc0b0\ub3c4 \ub4f1). 2\uc77c\ucc28-\ud1b5\uc601(\ud55c\uc0b0\ub3c4 \uc81c\uc2b9\ub2f9 \ub4f1), 3\uc77c\ucc28-\ud1b5\uc601(\ucf00\uc774\ube14\uce74 \ub4f1)'), STRINGDECODE(' \uc784\uc9c4\uc65c\ub780\uacfc \ud55c\uc0b0\ub300\ucca9 \uadf8\ub9ac\uace0 \ud55c\uc0b0\ub3c4 \uc81c\uc2b9\ub2f9, \uadf8 \uc5ed\uc0ac\uc758 \ud604\uc7a5\uc5d0\uc11c \ub4e3\ub294 \uc0dd\uc0dd\ud55c \uc774\uc57c\uae30.\n \n \uc5b4\ub290\uc0c8 \uc2dc\uac04\uc774 \ud6cc\uca4d~ \uc804\ud1b5\uc5b4\uc2dc\uc7a5\uc744 \ub3cc\uc544\ubc84\uace0, \uc9c1\uc811 \uc5b4\ubd80\uac00 \ub418\uc5b4\ubcf4\ub294 \uccb4\ud5d8!\n \n \ud55c\ub824\uc218\ub3c4\uc758 \uc804\uacbd\uc744 \ud55c\ub208\uc5d0 \ub2f4\uc544\uac08\uc218 \uc788\ub294 \ucf00\uc774\ube14\uce74 \uccb4\ud5d8 \ub4f1 \uc54c\uc9dc\ucf54\uc2a4\ub85c \uad6c\uc131\ub418\uc5b4 \uc788\uc2b5\ub2c8\ub2e4. '), STRINGDECODE('[\uc218\ud559\uc5ec\ud589, 2\ubc153\uc77c]\uc784\uc9c4\uc65c\ub780 A to Z, \ud1b5\uc601 \ubb3c\ube5b \uc5ec\ud589')),
('prg-33', STRINGDECODE('\ud55c\ub824\ud574\uc0c1\uad6d\ub9bd\uacf5\uc6d0 \uc54c\uc544\ubcf4\uae30, \uac2f\ubc8c\uc758 \uc774\ud574, \uac2f\ubc8c\uc0dd\ubb3c \uc54c\uc544\ubcf4\uae30 \ub4f1'), STRINGDECODE('\ud55c\ub824\ud574\uc0c1\uad6d\ub9bd\uacf5\uc6d0\ub0b4 \uc544\ub984\ub2e4\uc6b4 \uc12c\ub9c8\uc744, \ud559\ub9bc\ub3c4\uc5d0\uc11c \ub9cc\ub098\ubcf4\ub294 \uac2f\ubc8c\uacfc \uadf8\uacf3\uc5d0 \uc0ac\ub294 \uac2f\ubc8c\uce5c\uad6c\ub4e4\uc744 \ub9cc\ub0a0\uc218 \uc788\uc2b5\ub2c8\ub2e4\n (\uc131\uc778 1\uc778-15,000\uc6d0, \uc5b4\ub9b0\uc774-5,000\uc6d0)\n (\u203b \ud604\uc9c0\uc0ac\uc815\uc73c\ub85c \uc778\ud55c \uae08\uc561 \ubcc0\ub3d9\uac00\ub2a5)'), STRINGDECODE('\ud1b5\uc601 \uc12c\ub9c8\uc744\uc5d0\uc11c \ub9cc\ub098\ubcf4\ub294 \uac2f\ubc8c\uce5c\uad6c\ub4e4')),
('prg-34', STRINGDECODE('\uce60\uc120\uacc4\uace1 \uc62c\ub77c\uac00\uae30(\ucd94\uc131\uc8fc\ucc28\uc7a5 \u25b6 \ube44\uc120\ub2f4 \u25b6 \uce60\uc120\ud3ed\ud3ec \u25b6  \ucc9c\uc655\ubd09 / 9.7km)'), STRINGDECODE(' \uc790\uc5f0\uacfc \uc2dc\uac04\uc774 \uc2dc\uc791\ub418\ub294 \uacf3 \n<BR>\uc9c0\ub9ac\uc0b0\uad6d\ub9bd\uacf5\uc6d0 \uce60\uc120\uacc4\uace1\uc758 \n<BR>\uc6d0\uc2dc\ub9bc\uc744 \ub9cc\ub07d\ud558\uba70 \uac77\ub294 \ud504\ub85c\uadf8\ub7a8'), STRINGDECODE('\uc790\uc5f0\uc744 \uac77\ub2e4...\uc6d0\uc2dc\ub9bc\uc744 \uac04\uc9c1\ud55c \uce60\uc120\uacc4\uace1 (\uc62c\ub77c\uac00\uae30)')),
('prg-35', STRINGDECODE('\ud574\uc778\uc0ac\uc640 \ud314\ub9cc\ub300\uc7a5\uacbd \uc5ed\uc0ac\ubb38\ud654\ud574\uc124, \uac00\uc57c\uc0b0\uc18c\ub9ac\uae38 \uac77\uae30 \ubc0f \uc790\uc5f0\ud574\uc124, \ud314\ub9cc\ub300\uc7a5\uacbd \uc778\uacbd\uccb4\ud5d8 \ub4f1'), STRINGDECODE(' \uc720\ub124\uc2a4\ucf54 \uc138\uacc4\uae30\ub85d\uc720\uc0b0 \ud314\ub9cc\ub300\uc7a5\uacbd\uacfc \ud574\uc778\uc0ac\ub97c \ud488\uc740 \uac00\uc57c\uc0b0\uad6d\ub9bd\uacf5\uc6d0\uc5d0\uc11c \uc990\uae30\ub294 \uc2e0\ub098\ub294 \uc218\ud559\uc5ec\ud589\uc73c\ub85c \uc5ec\ub7ec\ubd84\uc744 \ucd08\ub300\ud569\ub2c8\ub2e4.'), STRINGDECODE('\uc2e0.\ubc14.\ub78c \uc218\ud559\uc5ec\ud589! \uac00\uc57c\uc0b0\uad6d\ub9bd\uacf5\uc6d0 (\ud569\ucc9c, \ud1b5\uc601, \uace0\ub839)'));
INSERT INTO "PUBLIC"."PROGRAM" VALUES
('prg-36', STRINGDECODE('\ud574\uc778\uc0ac \uc5ed\uc0ac\ubb38\ud654 \ud574\uc124(\ud314\ub9cc\ub300\uc7a5\uacbd\ud310 \ud0c1\ubcf8\uccb4\ud5d8), \uc804\ud1b5\uc778\uc808\ubbf8 \ub9cc\ub4e4\uae30\uccb4\ud5d8'), STRINGDECODE(' \uc5ed\uc0ac\ubb38\ud654\ud574\uc124 \ubc0f \ud314\ub9cc\ub300\uc7a5\uacbd \uc778\uacbd\uccb4\ud5d8,\n <BR>\uc804\ud1b5\uc778\uc808\ubbf8 \ub9cc\ub4e4\uae30 \uccb4\ud5d8\ub4f1\uc73c\ub85c \uad6c\uc131'), STRINGDECODE('\uac00\uc57c\uc0b0\uc5ed\uc0ac\ubb38\ud654 \uccb4\ud5d8 100\ubc30 \uc990\uae30\uae30')),
('prg-37', STRINGDECODE('\uc790\uc5f0\uc18d\uc5d0\uc11c \ub180\uc790! \ud790\ub9c1 \ucea0\ud504'), STRINGDECODE(' \ucd5c\uadfc \ud658\uacbd\uc131\uc9c8\ud658\uc774 \uc99d\uac00\ub428\uc5d0 \ub530\ub77c \ud658\uacbd\uc624\uc5fc\uc774 \uc801\uc740 \uad6d\ub9bd\uacf5\uc6d0\uc5d0\uc11c \uc790\uc5f0\uc0dd\ud65c \uccb4\ud5d8\uae30\ud68c\ub97c \uc81c\uacf5\ud558\uc5ec \uc544\uc774\ub4e4\uc758 \uc2a4\ud2b8\ub808\uc2a4\ub97c \uc904\uc774\uace0 \uc2a4\uc2a4\ub85c \uc774\uaca8\ub0bc \uc218 \uc788\ub2e4\ub294 \uc790\uc2e0\uac10\uacfc \uc758\uc9c0\ub97c \uac16\uac8c\ud558\ub294 \uc790\uc5f0\uce58\uc720 \ud504\ub85c\uadf8\ub7a8'), STRINGDECODE('\uac74\uac15\ub098\ub204\ub9ac \ucea0\ud504')),
('prg-38', STRINGDECODE('\uc0ac\ud68c\ud0d0\uad6c \uad50\uacfc\uacfc\uc815\uc744 \uc911\uc2ec\uc73c\ub85c \uacbd\uc8fc\uc758 \ubb38\ud654\uc720\uc801 \ud604\uc7a5\ub2f5\uc0ac\uc640 \uc774\ub860 \uad50\uc721'), STRINGDECODE(' \uc0ac\ud68c\ud0d0\uad6c \uad50\uacfc\uacfc\uc815\uc744 \uc911\uc2ec\uc73c\ub85c \uacbd\uc8fc\uc758 \ubb38\ud654\uc720\uc801 \ud604\uc7a5\ub2f5\uc0ac\uc640 \uc774\ub860\uad50\uc721, \ubb38\ud654\uc7ac\ub97c \ud65c\uc6a9\ud55c \uccb4\ud5d8\ud504\ub85c\uadf8\ub7a8 \uac1c\ubc1c \ub4f1 \uc785\uccb4\uc801 \ud559\uc2b5\uc73c\ub85c \uc2e0\ub77c\uc758 \ubb38\ud654\uc640 \uc815\uc2e0\uc5d0 \ub300\ud55c \uc804\ubb38\uc131\uc744 \ud568\uc591\ud558\uc5ec \uad50\uc721\uacfc\uc815\uc5d0 \uc811\ubaa9\ud568\uc744 \ubaa9\uc801\uc73c\ub85c \ud568'), STRINGDECODE('\uc0ac\ud68c\ud0d0\uad6c \uad50\uc721\uacfc\uc815\uc744 \uc811\ubaa9\ud55c \uacbd\uc8fc\uc5ed\uc0ac\ubb38\ud654\ud0d0\ubc29')),
('prg-39', STRINGDECODE('\uc138\uacc4\ubb38\ud654\uc720\uc0b0\uc744 \ucc3e\uc544 \ub5a0\ub098\ub294 \uc5ec\ud589'), STRINGDECODE(' \uc790\uc5f0\ub098\ub204\ub9ac\ucea0\ud504\ub97c \ud1b5\ud574 \uacbd\uc8fc\uc640 \uc11c\uc6b8\uc758 \uc138\uacc4\ubb38\ud654\uc720\uc0b0\uc744 \ubc30\uc6b0\uace0 \uad6d\ub9bd\uacf5\uc6d0\uc758 \uc790\uc5f0\ub180\uc774\ub97c \ud1b5\ud574 \uc7ac\ubbf8\uc640 \uc790\uc5f0\uc774 \uc8fc\ub294 \uc774\ub85c\uc6c0\uae4c\uc9c0 \ub3d9\uc2dc\uc5d0 \uc811\ud574\ubcf4\ub294 \ud504\ub85c\uadf8\ub7a8'), STRINGDECODE('\uc790\uc5f0\ub098\ub204\ub9ac \ucea0\ud504')),
('prg-40', STRINGDECODE('\ubd88\uad50 \uc720\uc801 \ubcf4\ubb3c\ucc3d\uace0 \ub0a8\uc0b0\uc720\uc801\uc9c0\uad6c, \ubba4\uc9c0\uceec \ubbf8\uc18c2[''\uc2e0\uad6d\uc758 \ub545, \uc2e0\ub77c''], \uadfc\ub300\ubb38\ud654\uc720\uc0b0\uc758 \uac70\ub9ac, \ubc29\uc9dc\uc720\uae30\ubc15\ubb3c\uad00'), STRINGDECODE('\uc2e0\ub77c \ucc9c\ub144 \ubd88\uad50\uc720\uc801\uc9c0\uc640 \ub0a8\uc0b0 \uad6d\ub9bd\uacf5\uc6d0\ud2b8\ub808\ud0b9, \uadfc\ub300 \ubb38\ud654\uc720\uc0b0\uc758 \ubcf4\uace0 \"\ub300\uad6c \uace8\ubaa9\uae38 \ud22c\uc5b4\", \uc2dc\uc778 \uc774\uc0c1\ud654 \uc120\uc0dd\uc758 \uace0\ud0dd\uacfc \uc790\ucde8, 3.1\uc6b4\ub3d9 \uacc4\ub2e8\uc5d0\uc11c \ud798\ucc28\uac8c \uc678\uccd0\ubcf4\ub294 \"\ub300\ud55c\ub3c5\ub9bd\ub9cc\uc138!\"\uac00 \uac00\uc2b4\uc744 \ubb49\ud074\ud558\uac8c \ud569\ub2c8\ub2e4.'), STRINGDECODE('[\uc218\ud559\uc5ec\ud589] \uc2e0\u318d\ubc14\u318d\ub78c \uacbd\uc8fc\uad6d\ub9bd\uacf5\uc6d0')),
('prg-41', STRINGDECODE('\uc138\uacc4\ubb38\ud654\uc720\uc0b0\uc5d0 \ub4f1\uc7ac\ub41c \uacbd\uc8fc\uc758 \ubb38\ud654\uc7ac \ud0d0\ubc29'), STRINGDECODE(' \uc678\uad6d\uc778\ub4e4\ub3c4 \ud3b8\uc548\ud558\uace0 \ud6a8\uc728\uc801\uc73c\ub85c \uc138\uacc4\uc801\uc778 \ubb38\ud654\uad00\uad11\ub3c4\uc2dc\uc778 \uacbd\uc8fc\ub97c \uc5ec\ud589\ud560 \uc218 \uc788\uac8c \ud558\uace0, \ud55c\uad6d\uc758 \uc544\ub984\ub2e4\uc6b4 \uc804\ud1b5\ubb38\ud654\ub97c \uccb4\ud5d8\ud560 \uc218 \uc788\uac8c \ud568\uc73c\ub85c\uc368 \uacbd\uc8fc\uad6d\ub9bd\uacf5\uc6d0\uc744 \uc138\uacc4\uc801\uc73c\ub85c \uc54c\ub9ac\uace0\uc790 \ud569\ub2c8\ub2e4.'), STRINGDECODE('\uc138\uacc4\uc18d\uc758 \uacbd\uc8fc'));
INSERT INTO "PUBLIC"."PROGRAM" VALUES
('prg-42', STRINGDECODE('1\uc77c\ucc28 : \ubd80\uc11d\uc0ac, \uc18c\uc218\uc11c\uc6d0, \uc120\ube44\ubb38\ud654\uccb4\ud5d8, 2\uc77c\ucc28 : \uc8fd\ub839\uc61b\uae38, \ub3c4\ub2f4\uc0bc\ubd09, \ud55c\ub4dc\ubbf8 \ub9c8\uc744(\ub18d\ucd0c\uccb4\ud5d8) 3\uc77c\ucc28 : \ub2e8\uc591 \uc120\uc554\uacc4\uace1 \uc0ac\uc778\uc554, \ucda9\uc8fc\ud638 \uc720\ub78c\uc120 \uad00\uad11'), STRINGDECODE('1\uc77c\ucc28 : \ubd88\uad50 \ubb38\ud654\uc640 \uc720\uad50 \ubb38\ud654\uc758 \uc911\uc2ec\uc758 \ud504\ub85c\uadf8\ub7a8 \uc9c4\ud589\n 2\uc77c\ucc28 : \ubc31\ub450\ub300\uac04\uc5d0 \uae43\ub4e0 \uc804\ud1b5 \ubb38\ud654\uccb4\ud5d8\n 3\uc77c\ucc28 : \ub2e8\uc591 8\uacbd \uc18d\uc5d0\uc11c \uc2e0\uc120\uc774 \ub418\ub2e4!(\ub2e8\uc591 8\uacbd, \ucda9\uc8fc\ud638 \uc720\ub78c\uc120)'), STRINGDECODE('\uc218\ud559\uc5ec\ud589_\uc5ed\uc0ac\uc640 \ubb38\ud654\uac00 \uc0b4\uc544 \uc228\uc26c\ub294 \ubc31\ub450\ub300\uac04 \uc720\ub78c \uc5ec\ud589')),
('prg-43', STRINGDECODE('1.\ubd80\uc11d\uc0ac 2.\uc18c\uc218\uc11c\uc6d0(\uc120\ube44\ucd0c) 3.\uc8fd\ub839\uc61b\uae38 4.\uc7a5\uc678\ub098\ub8e8'), STRINGDECODE(' \uc18c\ubc31\uc0b0 \ubc0f \uc778\uadfc\uc5d0 \uc704\uce58\ud55c \uc5ed\uc0ac\ubb38\ud654\uc790\uc6d0 \ub2f5\uc0ac \ud504\ub85c\uadf8\ub7a8'), STRINGDECODE('\uc790\uc5f0\uacfc \uc5ed\uc0ac\uac00 \ud568\uaed8\ud558\ub294 \uc18c\ubc31\uc0b0 \uccb4\ud5d8 \uc5ec\ud589')),
('prg-44', STRINGDECODE('1.\ud76c\ubc29\uacc4\uace1  2.\uc8fd\ub839\uc61b\uae38'), STRINGDECODE(' \uc18c\ubc31\uc0b0 \uc778\uadfc\uc758 \ud76c\ubc29\uacc4\uace1\uc5d0\uc11c \uc790\uc5f0\uc0dd\ud0dc\ub97c, \uc8fd\ub839\uc61b\uae38\uc5d0\uc11c \uc5ed\uc0ac\ubb38\ud654\ub97c \ubc30\uc6b0\ub294 \ud504\ub85c\uadf8\ub7a8'), STRINGDECODE('\uce5c\uad6c\ub4e4\uc544 \ub5a0\ub098\uc790! \uc18c\ubc31\uc0b0\uc758 \uc790\uc5f0\uc18d\uc73c\ub85c')),
('prg-45', STRINGDECODE('(1day)\uc548\ub3d9\ud558\ud68c\ub9c8\uc744 - (2day)\uc8fc\uc655\uc0b0\uad6d\ub9bd\uacf5\uc6d0, \uc601\ub355 \ube14\ub8e8\ub85c\ub4dc - (3day)\uc6b8\uc9c4 \uc6d4\uc1a1\uc815, \uc131\ub958\uad74, \ub098\ub77c\uace8 \ubcf4\ub9ac\ub9d0 \uccb4\ud5d8\ub9c8\uc744'), STRINGDECODE(' ''\ud55c\uad6d\uc758 \uadf8\ub79c\ub4dc\uce90\ub10c'' \uc8fc\uc655\uc0b0\uad6d\ub9bd\uacf5\uc6d0, \uc720\ub124\uc2a4\ucf54 \uc138\uacc4\ubb38\ud654\uc720\uc0b0 \uc548\ub3d9\ud558\ud68c\ub9c8\uc744\uc758 \uace0\uc544\ud568\uacfc \uc790\uae0d\uc2ec \uadf8\ub9ac\uace0 \ud478\ub978 \ubc14\ub2e4\uc640 \ud478\ub978 \ud558\ub298\uc774 \ub9de\ub2ff\uc740 \uc601\ub355 \ube14\ub8e8\ub85c\ub4dc \ud2b8\ub808\ud0b9\uc5d0 \ud638\uc5f0\uc9c0\uae30\uac00 \uc808\ub85c \uae38\ub7ec\uc9c4\ub2e4. '), STRINGDECODE('\uc2e0\u00b7\ubc14\u00b7\ub78c \uc218\ud559\uc5ec\ud589 \uc8fc\uc655\uc0b0\uad6d\ub9bd\uacf5\uc6d0')),
('prg-46', STRINGDECODE('\uc8fc\uc655\uc0b0 \ud0d0\ubc29\uc548\ub0b4\uc18c \u2192 \uc810\uc2ec\uc2dd\uc0ac\u2192 \uc8fc\uc655\uc0b0 \ud0d0\ubc29\u2192\uc1a1\uc18c\uace0\ud0dd\u2192\ud55c\uc9c0\uccb4\ud5d8\uc7a5\u2192\uc18c\uac10\ub098\ub204\uae30 \ubc0f \ub9c8\ubb34\ub9ac'), STRINGDECODE(' \uccad\uc815\uc9c0\uc5ed \uc8fc\uc655\uc0b0\uc0dd\ud0dc\uad00\uad11\uc5d0 \ucc38\uc5ec\ud558\uc2dc\uba74!\n <BR> \uc5ed\uc0ac\uc640 \ubb38\ud654, \uc6f0\ube59\uad00\uad11\uc744 \ub9d8\uaecf \uc990\uae38 \uc218 \uc788\uc2b5\ub2c8\ub2e4.'), STRINGDECODE('\uc790\uc5f0\uacfc \ud568\uaed8\ud558\ub294 \uc6b0\ub9ac\ubb38\ud654 \ud0d0\ubc29')),
('prg-47', STRINGDECODE('\uc8fc\uc655\uc0b0 \ud0d0\ubc29\uc548\ub0b4\uc18c \u2192 \uc8fc\uc655\uc0b0\ub098\ub4e4\uc774 \u2192 \uc1a1\uc18c\uace0\ud0dd \u2192 \uc124\ubb38\uc870\uc0ac \ubc0f \ub290\ub08c \ub098\ub204\uae30'), STRINGDECODE(' \uccad\uc815\uc9c0\uc5ed \uc8fc\uc655\uc0b0\uc0dd\ud0dc\uad00\uad11\uc5d0 \ucc38\uc5ec\ud558\uc2dc\uba74!\n <BR>\uc790\uc5f0\uc744 \uac10\uc0c1\ud558\uace0 \ubc30\uc6b0\uba70 \uc5ed\uc0ac\uc640 \ubb38\ud654, \uc6f0\ube59\uad00\uad11\uc744 \ub9d8\uaecf \uc990\uae38 \uc218 \uc788\uc2b5\ub2c8\ub2e4*^^*'), STRINGDECODE('\uc0ac\uacfc\ud5a5\uae30 \uac00\ub4dd\ud55c \uc8fc\uc655\uc0b0 \ub18d\ucd0c\uccb4\ud5d8')),
('prg-48', STRINGDECODE('\uc8fc\uc655\uc0b0\uad6d\ub9bd\uacf5\uc6d0 \ud0d0\ubc29\uc548\ub0b4\uc18c \u2192 \uc810\uc2ec\uc2dd\uc0ac\u2192\uc8fc\uc655\uc0b0 \uc0dd\ud0dc\ud574\uc124\u2192\uccad\uc1a1\uc591\uc218\ubc1c\uc804\uc18c\u2192\uc124\ubb38\uc870\uc0ac \ubc0f \ub9c8\ubb34\ub9ac'), STRINGDECODE(' \uccad\uc815\uc9c0\uc5ed \uc8fc\uc655\uc0b0\uc0dd\ud0dc\uad00\uad11\uc5d0 \ucc38\uc5ec\ud558\uc2dc\uba74!\n <BR>\ub9d1\uc740 \uacf5\uae30\uc640 \uacf3\uacf3\uc5d0 \uc740\uc740\ud558\uac8c \ud540 \uc0b0 \uc18d \uc57c\uc0dd\ud654\ub4e4\uc774 \uc544\ub984\ub2e4\uc6b4 \uc790\ud0dc\ub97c \ubf51\ub0bc \uc988\uc74c \uc8fc\uc655\uc0b0\uc5d0 \uc624\uc2e0 \uc5ec\ub7ec\ubd84\uc740 \uc5ed\uc0ac\uc640 \ubb38\ud654, \uc6f0\ube59\uad00\uad11\uc744 \ub9d8\uaecf \uc990\uae38 \uc218 \uc788\uc2b5\ub2c8\ub2e4.'), STRINGDECODE('\uc194\ud5a5\uae30 \ub530\ub77c \ub5a0\ub098\ub294 \uc8fc\uc655\uc0b0 \uc774\uc57c\uae30'));
INSERT INTO "PUBLIC"."PROGRAM" VALUES
('prg-49', STRINGDECODE('\uacc4\ub8e1\uc0b0\uad6d\ub9bd\uacf5\uc6d0 \uc218\ud1b5\uace8\uc9c0\uad6c\uc5d0\uc11c \uc9c4\ud589\ub429\ub2c8\ub2e4.'), STRINGDECODE(' \uc544\ud1a0\ud53c\ud53c\ubd80\uc5fc, \ucc9c\uc2dd, \ub4f1 \ud658\uacbd\uc131\uc9c8\ud658 \ud658\uc544 \ub300\uc0c1 \uccb4\ud5d8\ud504\ub85c\uadf8\ub7a8\uc785\ub2c8\ub2e4.'), STRINGDECODE('\uacc4\ub8e1\uc0b0\uad6d\ub9bd\uacf5\uc6d0\uacfc \ud568\uaed8\ud558\ub294 \uac74\uac15\ub098\ub204\ub9ac \ucea0\ud504')),
('prg-50', '', STRINGDECODE(' \ucc9c\uc2dd \ubc0f \uc544\ud1a0\ud53c \ud53c\ubd80\uc5fc\uc73c\ub85c \uace0\ud1b5\ubc1b\uace0 \uc788\ub294 \uc5b4\ub9b0\uc774\ub97c \ub300\uc0c1\uc73c\ub85c \ubd81\ud55c\uc0b0 \ub458\ub808\uae38 \uc790\uc5f0\uccb4\ud5d8 \ud504\ub85c\uadf8\ub7a8\uc744 \ud1b5\ud574 \uc9c8\ud658\uc5d0 \ub300\ud55c \uae0d\uc815\uc801 \uc0ac\uace0 \uc99d\uc9c4 \ubc0f \uc790\uc5f0\ud658\uacbd\uacfc \uac74\uac15\uc758 \uae0d\uc815\uc801\uc778 \uad00\uacc4\ub97c \ub290\ub08c\uc73c\ub85c\uc368 \ud658\uacbd\uc131\uc9c8\ud658\uc758 \uc608\ubc29 \ubc0f \uce58\ub8cc\ud6a8\uacfc \ud5a5\uc0c1\uc5d0 \ub300\ud55c \ubc29\uc548 \uc81c\uc2dc\ud569\ub2c8\ub2e4!\n '), STRINGDECODE('\ubd81\ud55c\uc0b0\uad6d\ub9bd\uacf5\uc6d0\uacfc \ud568\uaed8\ud558\ub294 \uac74\uac15\ub098\ub204\ub9ac \ucea0\ud504')),
('prg-51', '', STRINGDECODE(' \uc11c\uc6b8\uc744 \uc228 \uc26c\uac8c \ud558\ub294 \uacf3, \ubd81\ud55c\uc0b0 \ub458\ub808\uae38! \uadf8\uacf3\uc5d4 \uc790\uc5f0\uc0dd\ud0dc \ubfd0\ub9cc \uc544\ub2c8\ub77c \uc21c\uad6d\uc120\uc5f4\uc758 \uc5bc\uc774 \ub2f4\uaca8\uc788\ub2e4. \ubaa8\ub4e0 \uacf3\uc774 \ub180\uc774\ud130\uc640 \uac19\uc740 \uc11c\uc6b8\uc5d0\uc11c \uc5ed\uc0ac\ub3c4 \ubc30\uc6b0\uace0, \ubb38\ud654\ub97c \ub290\ub07c\uba70 \uce5c\uad6c\ub4e4\uacfc \uc2e0\ub098\uac8c \ub180\uc774\uae30\uad6c\ub3c4 \ud0c8 \uc218 \uc788\ub294 \uae30\ud68c\uac00 \ubc14\ub85c \uc5ec\uae30\uc5d0 \uc788\ub2e4. '), STRINGDECODE('\ubd81\ud55c\uc0b0\uad6d\ub9bd\uacf5\uc6d0\uacfc \ud568\uaed8\ud558\ub294 FUSION SEOUL \ud0d0\ubc29')),
('prg-52', STRINGDECODE('\ub2f9\uc77c\ud615'), STRINGDECODE(' \ud558\ub298\uacfc \uc232\uc774 \ub9cc\ub098\ub294 \uacf3, \ubd81\ud55c\uc0b0\uad6d\ub9bd\uacf5\uc6d0 \ub458\ub808\uae38\uc744 \uc18c\uac1c\ud569\ub2c8\ub2e4.\n \ubd81\ud55c\uc0b0\uad6d\ub9bd\uacf5\uc6d0\uc5d0\uc11c \uc6b4\uc601\ub418\ub294 \u2018\ud568\uaed8\uac77\ub294 \uc990\uac70\uc6c0! \ubd81\ud55c\uc0b0\ub458\ub808\uae38 \uc0dd\ud0dc\uad00\uad11\u2019\uc740 \uc0b0\uc744 \ucc3e\uc73c\uba74 \uc815\uc0c1\uc744 \uc815\ubcf5\ud574\uc57c \ud55c\ub2e4\ub294 \uace0\uc815\uad00\ub150\uc5d0\uc11c \ubc97\uc5b4\ub098 \ubcf5\uc7a1\ud55c \uc77c\uc0c1\uc758 \uc2a4\ud2b8\ub808\uc2a4\ub97c \uc9d9\uc740 \uc232\ub0b4\uc74c\uacfc \ud53c\ud1a4\uce58\ub4dc\ub85c \ud574\uc18c\ud560 \uae30\ud68c\ub97c \uc81c\uacf5\ud569\ub2c8\ub2e4. \n '), STRINGDECODE('\ub808\uc778\uc800\uc640 \ud568\uaed8\ud558\ub294 \ubd81\ud55c\uc0b0\ub458\ub808\uae38 \ud2b8\ub808\ud0b9')),
('prg-53', STRINGDECODE('\uc790\uc5f0\uac74\uac15\uc0dd\ud0dc\uccb4\ud5d8'), STRINGDECODE(' \uc790\uc5f0\uac74\uac15\uc0dd\ud0dc\uccb4\ud5d8'), STRINGDECODE('\uad6d\ub9bd\uacf5\uc6d0\uacfc \ud568\uaed8\ud558\ub294 \uac74\uac15\ub098\ub204\ub9ac \ucea0\ud504')),
('prg-54', STRINGDECODE('\uc790\uc5f0\uc0dd\ud0dc\uccb4\ud5d8'), STRINGDECODE(' \uc790\uc5f0\uc0dd\ud0dc\uccb4\ud5d8'), STRINGDECODE('\ub3c4\ubd09\uc0b0\uc790\ub77d \ub530\ub77c \ub5a0\ub098\ub294 \ub458\ub808\uae38 \ub3c4\ubcf4\uc5ec\ud589')),
('prg-55', STRINGDECODE('\ubd81\ud55c\uc0b0\ub458\ub808\uae38(\ub3c4\ubd09\uc61b\uae38), \uad6d\ub9bd\uc911\uc559\ubc15\ubb3c\uad00, N\ud0c0\uc6cc-\ud14c\ub514\ubca0\uc5b4\ubba4\uc9c0\uc5c4, \ucc3d\ub355\uad81, \uc778\uc0ac\ub3d9, \uc11c\uc6b8\ub300\uacf5\uc6d0, \uc11c\uc6b8\ub79c\ub4dc'), STRINGDECODE(' \uc11c\uc6b8\uc744 \uc228\uc26c\uac8c \ud558\ub294 \uacf3, \ubd81\ud55c\uc0b0\ub458\ub808\uae38! \uadf8\uacf3\uc5d4 \uc790\uc5f0\uc0dd\ud0dc\ubfd0\ub9cc \uc544\ub2c8\ub77c \uc870\uc0c1\uc758 \uc815\ucde8\ub97c \ub290\ub084 \uc218 \uc788\ub2e4. \ubaa8\ub4e0 \uacf3\uc774 \ub180\uc774\ud130\uc640 \uac19\uc740 \uc11c\uc6b8\uc5d0\uc11c \uc5ed\uc0ac\ub3c4 \ubc30\uc6b0\uace0 \ubb38\ud654\ub97c \ub290\ub07c\uba70 \uce5c\uad6c\ub4e4\uacfc \uc2e0\ub098\uac8c \ub180\uc774\uae30\uad6c\ub3c4 \ud0c8\uc218 \uc788\ub294 \uae30\ud68c\uac00 \uc5ec\uae30\uc5d0 \uc788\ub2e4.'), STRINGDECODE('<\uc218\ud559\uc5ec\ud589>\ub3c4\ubd09\uc61b\uae38 & \uc11c\uc6b8\uc744 \ud55c\ub208\uc5d0'));
INSERT INTO "PUBLIC"."PROGRAM" VALUES
('prg-56', STRINGDECODE('\uacbd\ubcf5\uad81, \uccad\uacc4\ucc9c, \ub0a8\uc0b0\ud55c\uc625\ub9c8\uc744, \uad6d\ub9bd\uc911\uc559\ubc15\ubb3c\uad00, \uacfc\ucc9c\uad6d\ub9bd\uacfc\ud559\uad00, COEX\uc544\ucfe0\uc544\ub9ac\uc6c0, \ub86f\ub370\uc6d4\ub4dc, \ubd81\ud55c\uc0b0\ub458\ub808\uae38(\ub3c4\ubd09\uc61b\uae38)\ud2b8\ub808\ud0b9, \ub098\ub9cc\uc758 \uc561\uc790\ub9cc\ub4e4\uae30'), STRINGDECODE(' \uc11c\uc6b8\uc744 \uc228\uc26c\uac8c \ud558\ub294 \uacf3, \ubd81\ud55c\uc0b0\ub458\ub808\uae38! \uadf8\uacf3\uc5d4 \uc790\uc5f0\uc0dd\ud0dc\ubfd0\ub9cc \uc544\ub2c8\ub77c \uc870\uc0c1\uc758 \uc815\ucde8\ub97c \ub290\ub084 \uc218 \uc788\ub2e4. \ubaa8\ub4e0 \uacf3\uc774 \ub180\uc774\ud130\uc640 \uac19\uc740 \uc11c\uc6b8\uc5d0\uc11c \uc5ed\uc0ac\ub3c4 \ubc30\uc6b0\uace0 \ubb38\ud654\ub97c \ub290\ub07c\uba70 \uce5c\uad6c\ub4e4\uacfc \uc2e0\ub098\uac8c \ub180\uc774\uae30\uad6c\ub3c4 \ud0c8\uc218 \uc788\ub294 \uae30\ud68c\uac00 \uc5ec\uae30\uc5d0 \uc788\ub2e4.'), STRINGDECODE('<\uc218\ud559\uc5ec\ud589>\ub3c4\ubd09\uc61b\uae38 & Exciting Seoul')),
('prg-57', '', STRINGDECODE(' \u25a1 \ubd81\ud55c\uc0b0\uad6d\ub9bd\uacf5\uc6d0\uc758 \uc790\uc5f0\uc0dd\ud0dc\uc640 \ud568\uaed8 \uc5ed\uc0ac\ubb38\ud654\uccb4\ud5d8\uc744 \ud1b5\ud55c \uc61b \uc120\uc870\ub4e4\uc758 \uc804\ud1b5\uc744 \uc774\ud574\ud558\uace0  \ub9c8\uc74c\uc758 \ud734\uc2dd\uacfc \uc5ec\uc720\ub97c \uc990\uae30\uba70, \uc790\uc5f0\uc758 \uc18c\uc911\ud568\uacfc \uc5ed\uc0ac\uc758 \uac00\uce58\ub97c \ubc30\uc6b8 \uc218 \uc788\ub294 \uc2dc\uac04\uc774 \ub420 \uac83 \uc785\ub2c8\ub2e4\n <BR>'), STRINGDECODE('\ubd81\ud55c\uc0b0\uc131\uc758 \uc61b \uc790\ucde8\ub97c \ucc3e\uc544\uc11c')),
('prg-58', STRINGDECODE('[1\uc77c\ucc28] \uace0\ud765 \ud314\uc601\uc0b0\uc9c0\uad6c \uc790\ub3d9\ucc28\uc57c\uc601\uc7a5, [2\uc77c\ucc28] \uace0\ud765 \ud314\uc601\uc0b0\uc9c0\uad6c \ud3b8\ubc31\uc232 \uc77c\uc6d0'), STRINGDECODE('1\ubc152\uc77c\ub3d9\uc548 \uac00\uc871\uacfc \ud568\uaed8 \ub2e4\ub3c4\ud574\ud574\uc0c1\uad6d\ub9bd\uacf5\uc6d0\uc758 \uc2e0\uaddc \ud3b8\uc785\uc9c0\uc5ed\uc778 \ud314\uc601\uc0b0\uc5d0\uc11c \uc790\uc5f0\uccb4\ud5d8\ub180\uc774\ub97c \ud1b5\ud574 \ud654\ud569\uc758 \uae30\ud68c\ub97c \uc81c\uacf5\ud558\uace0, \ub354\ubd88\uc5b4 \uad6d\ub9bd\uacf5\uc6d0\uc744 \uce5c\ud658\uacbd\uc801\uc778 \ud734\uc2dd\uacfc \uccb4\ud5d8 \ud559\uc2b5\uc758 \uacf5\uac04\uc73c\ub85c \uc778\uc2dd\ub418\ub3c4\ub85d \ud504\ub85c\uadf8\ub7a8\uc774 \uae30\ud68d\ub418\uc5c8\uc2b5\ub2c8\ub2e4.'), STRINGDECODE('NatuerHolic, \ud314\uc601\uc0b0 \uac74\uac15\uacfc \uc608\uc220\uc744 \ud488\ub2e4')),
('prg-59', STRINGDECODE('\ud0d0\ubc29\uc548\ub0b4\uc18c.\uc885\ubcf5\uc6d0\uc13c\ud130.\ud654\uc5c4\uc0ac.\uc131\uc0bc\uc7ac~\ub178\uace0\ub2e8\ud2b8\ub798\ud0b9'), STRINGDECODE(' \uc9c0\ub9ac\uc0b0\uae38\uc744 \uac78\uc73c\uba70 \uc544\ub984\ub2e4\uc6b4 \uc790\uc5f0 \uacbd\uad00 \ubb38\ud654\uc790\uc6d0\uc744 \uc811\ud574\ubcfc \uc218 \uc788\ub294 \ub2f9\uc77c\ud615 \uc0dd\ud0dc\uad00\uad11\uc785\ub2c8\ub2e4.'), STRINGDECODE('\ubc18\ub2ec\uac00\uc2b4\uacf0\uacfc \ud568\uaed8 \uac78\uc5b4\ubcf4\uc544\uc694(\ub2f9\uc77c\ud615)')),
('prg-60', STRINGDECODE('\uad6d\ub9bd\uacf5\uc6d0\uc885\ubcf5\uc6d0\uc13c\ud130, \ub178\uace0\ub2e8 \ud0d0\ubc29, \uc0ac\ucc30 \uccb4\ud5d8'), STRINGDECODE(' \uc9c0\ub9ac\uc0b0\uad6d\ub9bd\uacf5\uc6d0\uc758 \uc790\uc5f0 \uc0dd\ud0dc\uc640 \ubb38\ud654\uc790\uc6d0! \n \uace0\uc988\ub109\ud55c \uc0b0\uc0ac\uccb4\ud5d8\uc774 \uc5ec\ub7ec\ubd84\uc744 \uae30\ub2e4\ub9ac\uace0 \uc788\uc2b5\ub2c8\ub2e4 '), STRINGDECODE('\ubc18\ub2ec\uac00\uc2b4\uacf0\uacfc \ud568\uaed8 \ub5a0\ub098\ub294 \ub178\uace0\ub2e8 \uc5ec\ud589(1\ubc152\uc77c)')),
('prg-61', STRINGDECODE('\ud0d0\ubc29\uc548\ub0b4\uc18c \u25b7 \ud654\uc5c4\uc0ac \u25b7 \uad6d\ub9bd\uacf5\uc6d0\uc885\ubcf5\uc6d0\uc13c\ud130 \u25b7 \uc12c\uc9c4\uac15 \u25b7 \uc12c\uc9c4\uc5b4\ub958\uc0dd\ud0dc\uad00 \u25b7 \uc57c\uc678\uc218\ub2ec\uc804\uc2dc\uc7a5'), STRINGDECODE(' \ud654\uc5c4\uc0ac\ub97c \ub458\ub7ec\ubcf4\uace0 \ubc18\ub2ec\uac00\uc2b4\uacf0\uacfc \uc218\ub2ec\uc744 \ub9cc\ub098\ub7ec \ub5a0\ub098\ub294 \ub2f9\uc77c\ud615 \uc0dd\ud0dc\uad00\uad11\ud504\ub85c\uadf8\ub7a8\uc785\ub2c8\ub2e4.'), STRINGDECODE('\uc218\ub2ec\uc774 \ub4e4\ub824\uc8fc\ub294 \uc12c\uc9c4\uac15 \uc774\uc57c\uae30'));
INSERT INTO "PUBLIC"."PROGRAM" VALUES
('prg-62', STRINGDECODE('\ub3c4\ucd08\ub3c4 \uc2dc\ubaa9\uc77c\uc6d0'), STRINGDECODE(' \ub3c4\ucd08\ub3c4 \uc2dc\ubaa9\ud574\ubcc0\uacfc \uacf0\uc194\uc232\uc5d0\uc11c \ud3bc\uccd0\uc9c0\ub294 \uac74\uac15\ucc3e\uae30\ud504\ub85c\uadf8\ub7a8'), STRINGDECODE('\uad6d\ub9bd\uacf5\uc6d0 \uac74\uac15\ub098\ub204\ub9ac\ucea0\ud504')),
('prg-63', STRINGDECODE('\ub3d9\uc591 \ucd5c\ub300\uc758 \uc0ac\uad6c\uac00 \uc704\uce58\ud55c \uc6b0\uc774\ub3c4\uc5d0\uc11c \ub2e4\ub3c4\ud574\ud574\uc0c1\uad6d\ub9bd\uacf5\uc6d0 \ub9c8\uc2a4\ucf54\ud2b8\uc778 \ub3cc\ud53c\ub2c8\uc640 \ud568\uaed8 \uc990\uac70\uc6b4 1\ubc15 2\uc77c'), STRINGDECODE(' \uc6b0\uc774\ub3c4\ub294 \ud55c\uad6d\uc5d0\uc11c \uc720\uc77c\ud558\ub2e4\ub294 \uac70\ub300\ud55c \ubaa8\ub798\uc5b8\ub355\uc744 \uac00\uc9c4 \uc12c\uc73c\ub85c \uc12c\uc758 \ud615\uc0c1\uc774 \uc18c\uc758 \uadc0\ucc98\ub7fc \uc0dd\uacbc\ub2e4\ud558\uc5ec \uc6b0\uc774\ub3c4\ub77c \ubd88\ub9ac\uc6b4\ub2e4. \uc2a4\ubb3c \uc77c\uacf1\uac1c\uc758 \uc12c\ub4e4\uc774 \ubaa8\uc5ec\uc9c4 \uc12c\uc774\ub2e4.'), STRINGDECODE('\ub3cc\ud53c\ub2c8\ub97c \ub530\ub77c\uc11c')),
('prg-64', STRINGDECODE('1\uc77c\ucc28(\ubc14\ub2e4\uc232 \ud790\ub9c1\uccb4\ud5d8, \ud574\uc124\ud504\ub85c\uadf8\ub7a8''\uc18c\uc6d0\uc758 \uc12c, \uc601\uc0b0\ub3c4'') 2\uc77c\ucc28(\uc720\ub78c\uc120 \ud0c0\uace0 \uc601\uc0b0\ub3c4 \ud55c \ubc14\ud034)'), STRINGDECODE(' \uc720\ub124\uc2a4\ucf54 \uc0dd\ubb3c\uad8c \ubcf4\uc804\uc9c0\uc5ed\uc73c\ub85c \ud30c\ub780 \ubc14\ub2e4\uc640 \uc5b4\uc6b0\ub7ec\uc9c4 \ud6c4\ubc15\ub098\ubb34 \uc232\uc774 \uc778\uc0c1\uc801\uc778 \uc601\uc0b0\ub3c4. \n \uc544\ubb34\ub3c4 \ub098\ub97c \ubaa8\ub974\ub294 \uc774\uacf3\uc73c\ub85c \uc77c\uc0c1\uc5d0 \uc9c0\uce5c \ub098\ub97c \uce58\uc720\ud558\ub7ec \ub5a0\ub098\ubcf4\uc790. '), STRINGDECODE('\ub098\ub9cc\uc758 \uc5f4 \ub450 \uac00\uc9c0 \ud734\uc2dd(\uc601\uc0b0\ub3c4 \uba85\ud488\ub9c8\uc744)')),
('prg-65', STRINGDECODE('\uc6d4\ucd9c\uc0b0 \ud0d0\ubc29\uc548\ub0b4\uc18c \uad00\ub78c ~ \ub179\ud5a5\uc6d4\ucd0c \ub18d\ucd0c\ubb38\ud654\uccb4\ud5d8 ~ \ub0a8\ub3c4\ub2f5\uc0ac 1\ubc88\uc9c0 \ubb34\uc704\uc0ac'), STRINGDECODE('\uae30\uc554\uad34\uc11d\uc73c\ub85c \ub458\ub7ec\uc2f8\uc778 \uc6d4\ucd9c\uc0b0 \ud0d0\ubc29\uc548\ub0b4\uc18c\ub97c \uad00\ub78c\ud558\uace0 \ud574\uc124\uac00\uac00 \uc548\ub0b4\ud558\ub294 \ub0a8\ub3c4\ub2f5\uc0ac 1\ubc88\uc9c0\uc778 \ubb34\uc704\uc0ac \ub2f5\uc0ac \uc640 \uc790\uc5f0\uccb4\ud5d8 \uc774\ud6c4 \ub2ec\ub9de\uc774\ub9c8\uc744 \uc804\ud1b5\ubb38\ud654\uccb4\ud5d8(\ub5a1\ub9e4\uce58\uae30, \ud22c\ud638\ub180\uc774,\ubbf8\uafb8\ub77c\uc9c0\uc7a1\uae30,\ub18d\ucd0c\ub9c8\uc744 \ub18d\uc791\ubb3c \uc218\ud655 \ub4f1 \uc911 \uc120\ud0dd)\uc744 \ud560 \uc218 \uc788\ub294 \ub2f9\uc77c\ud615 \uc0dd\ud0dc\uad00\uad11 \ud504\ub85c\uadf8\ub7a8'), STRINGDECODE('\uacf5\uac10! \ub0a8\ub3c4\ubb38\ud654\uac00 \uc5b4\uc6b0\ub7ec\uc9c4 \uc6d4\ucd9c\uc0b0\uad6d\ub9bd\uacf5\uc6d0 \uae30\ud589')),
('prg-66', '', '', STRINGDECODE('\uc0ac\ud68c\uc131\uc99d\uc9c4\ud504\ub85c\uadf8\ub7a8')),
('prg-67', STRINGDECODE('\uc6d4\ucd9c\uc0b0\uad6d\ub9bd\uacf5\uc6d0 \uc77c\uc6d0'), STRINGDECODE(' \uacf5\uc6d0 \uc778\uadfc \ubc0f \ub3c4\uc2dc \uc9c0\uc5ed\uc758 \ud658\uacbd\uc131\uc9c8\ud658(\uc544\ud1a0\ud53c \ub4f1)\uc73c\ub85c \uace0\ud1b5 \ubc1b\uace0 \uc788\ub294 \uc5b4\ub9b0\uc774\ub4e4\uc5d0\uac8c \uad6d\ub9bd\uacf5\uc6d0\uc758 \uc790\uc5f0\uccb4\ud5d8\uacfc \uc544\ud1a0\ud53c \uad00\ub828 \uad50\uc721\ud504\ub85c\uadf8\ub7a8\uc744 \uc81c\uacf5\ud558\uc5ec \uad6d\ub9bd\uacf5\uc6d0\uc758 \uac00\uce58 \uc99d\uc9c4\uacfc \uc774\ubbf8\uc9c0 \uc81c\uace0\ub294 \ubb3c\ub860 \ud658\uacbd\uc131\uc9c8\ud658 \uc608\ubc29 \ubc0f \uce58\ub8cc\uc5d0 \ub3c4\uc6c0\uc744 \uc8fc\uace0\uc790 \ud568\n '), STRINGDECODE('\uad6d\ub9bd\uacf5\uc6d0 \uac74\uac15\ub098\ub204\ub9ac\ucea0\ud504')),
('prg-68', STRINGDECODE('\uc11c\uc6b8 \ucd9c\ubc1c ~ \uccad\uc0b0\ub3c4 \uc785\ub3c4(1\uc77c\ucc28) / \uccad\uc0b0\ub3c4 ~ \uc644\ub3c4(2\uc77c\ucc28) / \uc644\ub3c4 ~ \ud574\ub0a8 ~ \uc11c\uc6b8(3\uc77c\ucc28)'), STRINGDECODE(' \uc6b0\ub9ac\ub098\ub77c \ucd5c\ucd08\uc758 \uc2ac\ub85c\uc2dc\ud2f0 \uccad\uc0b0\ub3c4\uc5d0\uc11c \uacbd\ud5d8\ud558\ub294 \ub290\ub9bc\uc758 \ubbf8\ud559\uc744 \ud1b5\ud574 \uc2ec\uc2e0\uc744 \ub2e8\ub828\ud558\uace0 \uc0c9\ub2e4\ub978 \ub0a8\ub3c4\uc758 \uc0dd\ud65c\uc744 \uacbd\ud5d8\ud574 \ubcf4\ub294 \uc2dc\uac04'), STRINGDECODE('\uc2ac\ub85c\uc2dc\ud2f0 \uccad\uc0b0\ub3c4\ub85c \ub5a0\ub098\ub294 \uc218\ud559\uc5ec\ud589'));
INSERT INTO "PUBLIC"."PROGRAM" VALUES
('prg-69', STRINGDECODE('[1\uc77c\ucc28] \uc644\ub3c4 ~ \uccad\uc0b0\ub3c4 / [2\uc77c\ucc28] \uccad\uc0b0\ub3c4 ~ \uc644\ub3c4'), STRINGDECODE('2007\ub144 \uc544\uc2dc\uc544 \ucd5c\ucd08 ''\uc2ac\ub85c\uc2dc\ud2f0''\ub85c \uc9c0\uc815\ub418\uace0, \ubb38\ud654\uad00\uad11\ubd80\uc5d0\uc11c \uac00\uace0 \uc2f6\uc740 \uc12c\uc73c\ub85c \uc9c0\uc815\ub41c \uccad\uc0b0\ub3c4\uc5d0\uc11c \ub290\ub9bc\uc758 \ubb38\ud654\uc640 \uc6b0\uc218\ud55c \uc790\uc5f0\uacbd\uad00 \uc18d\uc5d0\uc11c \ud734\uc2dd\uacfc \uac10\uc131\uc744 \ud68c\ubcf5\ud558\uba70, \uc77c\uc0c1\uc758 \uc2a4\ud2b8\ub808\uc2a4\ub97c \uc78a\uc73c\uba70 \uac74\uac15\uc744 \ub418\ucc3e\uc544\uac00\ub294 \ud734\uc591\ud504\ub85c\uadf8\ub7a8'), STRINGDECODE('\uc2ac\ub85c\uc2dc\ud2f0, \uccad\uc0b0\uc5d0 \uc0b4\uc5b4\ub9ac\ub78f\ub2e4')),
('prg-70', STRINGDECODE('[\uc644\ub3c4\uad70 \uc77c\ub300] \uc7a5\ubcf4\uace0\uae30\ub150\uad00, \uc815\ub3c4\ub9ac \uad6c\uacc4\ub4f1, \uc644\ub3c4\uc218\ubaa9\uc6d0 / [\ubcf4\uae38\ub3c4] \uc138\uc5f0\uc815, \ub099\uc11c\uc7ac, \uace1\uc218\ub2f9, \ub3d9\ucc9c\uc11d\uc2e4 / [\uccad\uc0b0\ub3c4] \uc2ac\ub85c\uae38, \uba85\ud488\uc0c1\uc11c\ub9c8\uc744 / [\uae08\uc624\ub3c4] \ube44\ub801\uae38'), STRINGDECODE('\ub2e4\ub3c4\ud574\ud574\uc0c1\uad6d\ub9bd\uacf5\uc6d0\uc758 \uc57d 150\uac1c\uc758 \uc720\ubb34\uc778\ub3c4\uc11c \uc911 \uc644\ub3c4\uc9c0\uc5ed\uc758 \ud2b9\uc0c9\uc788\ub294 \ub3c4\uc11c\ubb38\ud654\ub97c \uccb4\ud5d8\ud560 \uc218 \uc788\ub294 \ub3c4\uc11c\ud0d0\ubc29\ud504\ub85c\uadf8\ub7a8\uc744 \ud1b5\ud55c \uc5ed\uc0ac\uc640 \uc6b0\uc218\ud55c \uc790\uc5f0\uacbd\uad00\uc744 \uac10\uc0c1\ud558\uba70 \ub458\ub7ec\ubcf4\ub294 \ub0a8\ub3c4 \ub3c4\uc11c\uc0dd\ud0dc\uccb4\ud5d8\ud504\ub85c\uadf8\ub7a8'), STRINGDECODE('\ub2e4\ub3c4\ud574\uc758 \ubcf4\ubb3c\uc744 \ucc3e\uc544\uc11c')),
('prg-71', STRINGDECODE('\ubc31\uc591\uace8\uc790\uc5f0\uad00\ucc30\ub85c-\uc8fd\ud5a5\uccb4\ud5d8\ub9c8\uc744-\uc8fd\ub179\uc6d0 \ub610\ub294 \ubc31\uc591\uace8\uc790\uc5f0\uad00\ucc30\ub85c-\ub0b4\uc7a5\uc0b0(\ucf00\uc774\ube14\uce74)'), STRINGDECODE(' \u25cb \uc544\ub984\ub2e4\uc6b4 \ubc31\uc591\uace8\uc790\uc5f0\ud574\uc124 \ud6c4 \uc8fd\ud5a5\uccb4\ud5d8\ub9c8\uc744 \uccb4\ud5d8\uacfc \uc8fd\ub179\uc6d0 \ud0d0\ubc29\uc744 \ud558\uac70\ub098 \ub0b4\uc7a5\uc0b0 \uc804\ub9dd\ub300 \ucf00\uc774\ube14\uce74 \ud0d1\uc2b9\uc744 \ud560 \uc218 \uc788\ub294 \ub2f9\uc77c\ud615 \uc0dd\ud0dc\uad00\uad11 \uc785\ub2c8\ub2e4.'), STRINGDECODE('[\ub2f9\uc77c\ud615] \ube44\uc790\ud5a5 \uac00\ub4dd\ud55c \ubc31\uc554\uc0b0\uc73c\ub85c \ub5a0\ub098\ub294 \uc5ec\ud589')),
('prg-72', STRINGDECODE('\uc804\uc8fc\ud55c\uc625\ub9c8\uc744-\ub0b4\uc7a5\uc0b0-\uc785\uc554\uc0b0-\uace0\ucc3d\uace0\uc778\ub3cc\uc720\uc801\uc9c0-\ub9cc\ub3cc\uac2f\ubc8c\ud559\uc2b5\uc7a5-\ubd80\uc548\uc904\ud3ec-\uacf0\uc18c\ud56d-\ucc44\uc11d\uac15'), STRINGDECODE(' \u25cb \uae30\uc874\uc758 \uc218\ud559\uc5ec\ud589\uc774 \uc2a4\uccd0\uac00\ub294 \uad00\uad11\uc9c0\ub098 \ubc15\ubb3c\uad00\uc744 \ub458\ub7ec\ubcf4\ub294\ub370 \uadf8\ucce4\ub2e4\uba74 \uc774\ubc88 \uc218\ud559\uc5ec\ud589\uc740 \uac78\uc5b4\ubcf4\uace0 \ub290\uaef4\ubcf4\uace0 \uc9c1\uc811 \uccb4\ud5d8\ud558\ub294 \uc5ec\ud589\uc73c\ub85c \ud559\uc0dd\ub4e4\uc5d0\uac8c \uc78a\uc9c0 \ubabb\ud560 \uc0c9\ub2e4\ub978 \uc5ec\ud589\uc774 \ub420 \uac83\uc785\ub2c8\ub2e4.'), STRINGDECODE('[\uc218\ud559\uc5ec\ud589] \ub108\uc640 \ub0b4\uac00 \uce5c\uad6c\ub418\ub294 \uac10\ub3d9\uc5ec\ud589')),
('prg-73', STRINGDECODE('\ubc31\uc591\uace8\uc790\uc5f0\uad00\ucc30\ub85c-\ub2f4\uc591\uc8fd\ud5a5\uccb4\ud5d8\ub9c8\uc744-\uc8fd\ub179\uc6d0-\uc785\uc554\uc0b0(\ub0a8\ucc3d\uacc4\uace1)'), STRINGDECODE(' \u25cb \ubc31\uc591\uace8 \uc544\ub984\ub2e4\uc6b4 \uc790\uc5f0\uc744 \ub290\ub07c\uace0 \ub2f4\uc591\uc8fd\ub179\uc6d0\uc5d0\uc11c \uc8fd\ub9bc\uc695\ub3c4 \ud558\uba70 \uc5ec\ub7ec \uccb4\ud5d8\ub4e4\ub3c4 \ud568\uaed8 \ud560 \uc218 \uc788\ub294 \uc990\uac70\uc6b4 \uc0dd\ud0dc\uad00\uad11\uc785\ub2c8\ub2e4.'), STRINGDECODE('[\uc218\ud559\uc5ec\ud589] \ube44\uc790\ud5a5 \uac00\ub4dd\ud55c \ubc31\uc554\uc0b0\uc73c\ub85c \ub5a0\ub098\ub294 \uc5ec\ud589'));
INSERT INTO "PUBLIC"."PROGRAM" VALUES
('prg-74', STRINGDECODE('\ubaa9\ud3ec\uc5d0\uc11c \ucd9c\ubc1c\ud558\uc5ec \ud64d\ub3c4 ~ \ud751\uc0b0\ub3c4 1\ubc152\uc77c \ucf54\uc2a4\uc785\ub2c8\ub2e4.'), STRINGDECODE('\ucc9c\uc5f0\uae30\ub150\ubb3c 170\ud638\ub85c \uc9c0\uc815\ub418\uc5b4 \ud654\ub824\ud55c \uacbd\uad00\uc744 \ubf50\ub0b4\ub294 \ud64d\ub3c4\uc640 \ud478\ub974\ub2e4 \ubabb\ud574 \uac80\ub2e4\ud558\uc5ec \uc774\ub984 \ubd99\uc5ec\uc9c4 \ud751\uc0b0\ub3c4~\n <BR>\ud615\ud615\uc0c9\uc0c9\uc758 \uc12c\ub4e4\uacfc \uc720\ubc30\ubb38\ud654\uac00 \uc11c\ub824\uc788\ub294 \uc544\ub984\ub2e4\uc6b4 \uacf3\uc785\ub2c8\ub2e4. \ubc14\ub2e4\uc758 \ud5a5\uae0b\ud55c \ub0b4\uc74c\uacfc \ud568\uaed8 \uba4b\uc9c4 \ucd94\uc5b5\uc744 \ub9cc\ub4dc\uc138\uc694.'), STRINGDECODE('\uc218\ud559\uc5ec\ud589 \"\ub178\uc744\ub530\ub77c \ubb3c\uacb0\ub530\ub77c\"')),
('prg-75', STRINGDECODE('\ubc31\uc591\uace8\uc790\uc5f0\uad00\ucc30\ub85c-\uc804\ub0a8\uc790\uc5f0\ud559\uc2b5\uc7a5 \uacac\ud559'), STRINGDECODE(' \u25cb \ubc31\uc591\uace8 \uc544\ub984\ub2e4\uc6b4 \uc790\uc5f0\uacfc \ud568\uaed8\ud558\ub294 \uc2dc\uac04\uc744 \uac16\uace0 \uc790\uc5f0\ud559\uc2b5\uc7a5\uc5d0 \uc788\ub294 \uc5ec\ub7ec \ub3d9\u00b7\uc2dd\ubb3c\uc744 \ub9cc\ub098\ubcfc \uc218 \uc788\uc73c\uba70 \uacfc\ud559 \uacf5\uc791 \ud504\ub85c\uadf8\ub7a8\uae4c\uc9c0 \uccb4\ud5d8\ud560 \uc218 \uc788\ub294 \uc720\uc775\ud55c \uc0dd\ud0dc\uad00\uad11 \uc785\ub2c8\ub2e4. '), STRINGDECODE('[\uc804\ub0a8\uc790\uc5f0\ud559\uc2b5\uc7a5] \ube44\uc790\ud5a5 \uac00\ub4dd\ud55c \ubc31\uc591\uace8\uacfc \uc790\uc5f0\ud559\uc2b5\uc7a5 \ud0d0\uad6c\uad50\uc2e4')),
('prg-76', STRINGDECODE('\ubc31\uc591\uace8\uc790\uc5f0\ud574\uc124-\uccb4\ud5d8\ud504\ub85c\uadf8\ub7a8(\ub9cc\ub4e4\uae30)-\ucd95\ub839\uc0b0\uc5d0\uc11c \ubc84\ubb3c\ub9ac\ub9cc\ub4e4\uae30-\uc544\ud1a0\ud53c \uc608\ubc29\uad00\ub9ac\uad50\uc721'), STRINGDECODE(' \u25cb \ube44\uc790\ud5a5 \uac00\ub4dd\ud55c \uc232\uc5d0\uc11c \uc790\uc5f0\ud574\uc124 \ud504\ub85c\uadf8\ub7a8\uc744 \ub4e3\uace0 \ub9cc\ub4e4\uae30 \uccb4\ud5d8\ub3c4 \ud558\uace0\n \u25cb \uce58\uc720\uc758 \uc232 \ucd95\ub839\uc0b0\uc5d0\uc11c \uc544\ud1a0\ud53c\ud53c\ubd80\uc5fc \uc608\ubc29\uad00\ub9ac\uad50\uc721\ub3c4 \ubc1b\uace0 \uc6b0\ub9ac \ubab8\uc5d0 \uc88b\uc740 \ud53c\ud1a4\uce58\ub4dc \ubc84\ubb3c\ub9ac, \ubaa8\uae30\ud1f4\uce58\uc81c \ub9cc\ub4e4\uae30 \uccb4\ud5d8 \ub4f1 \ub2e4\uc591\ud55c \ud504\ub85c\uadf8\ub7a8\uc73c\ub85c \uad6c\uc131\ub418\uc5b4 \uc788\uc2b5\ub2c8\ub2e4.\n '), STRINGDECODE('[\uac74\uac15\ub098\ub204\ub9ac]\ube44\uc790\ud5a5 \uac00\ub4dd\ud55c \ubc31\uc554\uc0b0\uc73c\ub85c \ub5a0\ub098\ub294 \uc5ec\ud589')),
('prg-77', STRINGDECODE('\ubc31\uc591\uace8\uc790\uc5f0\ud574\uc124-\uccb4\ud5d8\ud504\ub85c\uadf8\ub7a8(\ub9cc\ub4e4\uae30)-\uc790\ub77c\ubafc\ub9c8\uc744\ub18d\ucd0c\uccb4\ud5d8 or \uc790\uc5f0\ud559\uc2b5\uc7a5 \uacac\ud559 or \ud14c\ub514\ubca0\uc5b4\ubc15\ubb3c\uad00 '), STRINGDECODE(' \u25cb \ub0b4\uc7a5\uc0b0\uad6d\ub9bd\uacf5\uc6d0\uc758 \ubc31\uc591\uc0ac\uc9c0\uad6c\uc758 \ucc9c\uc5f0\uae30\ub150\ubb3c \uad70\ub77d \ube44\uc790\ub098\ubb34 \uc232\uc5d0\uc11c\u300c\ube44\uc790\ud5a5 \uac00\ub4dd\ud55c \ubc31\uc554\uc0b0\uc73c\ub85c \ub5a0\ub098\ub294 \uc5ec\ud589\u300d\uc7ac\ubbf8\uc788\ub294 \uc790\uc5f0\ud574\uc124 \ud504\ub85c\uadf8\ub7a8\uc744 \ub4e3\uc2b5\ub2c8\ub2e4.\n \u25cb \uc7a5\uc131\uc758 \ub300\ud45c\uc801\uc778 \ub18d\ucd0c \uccb4\ud5d8\ub9c8\uc744\uc778 \uc790\ub77c\ubafc\ub9c8\uc744\uc5d0\uc11c \uc300\uc744 \uc774\uc6a9\ud55c \uc561\uc790\ub9cc\ub4e4\uae30, \uace0\uad6c\ub9c8 \uce90\uae30, \ubbf8\uafb8\ub77c\uc9c0 \uc7a1\uae30 \ub4f1\uc758 \uccb4\ud5d8\uc744 \ud569\ub2c8\ub2e4.\n \u25cb \ub2f4\uc591 \ud14c\uc9c0\uc6c0\ud14c\ub9c8\ud30c\ud06c\uc5d0\uc11c \ub9cc\ub098\ub294 \ud14c\ub514\ubca0\uc5b4\uc804\uc2dc \ubc0f \ud2b8\ub9ad\uc544\ud2b8\ub97c \uccb4\ud5d8\ud569\ub2c8\ub2e4.\n \u25cb \uc804\ub77c\ub0a8\ub3c4\uc790\uc5f0\ud559\uc2b5\uc7a5\uc5d0 \uc788\ub294 \uc5ec\ub7ec \ub3d9\u00b7\uc2dd\ubb3c\uc744 \ub9cc\ub098\ubcf4\uace0 \uacfc\ud559 \uacf5\uc791 \ud504\ub85c\uadf8\ub7a8\uae4c\uc9c0 \uccb4\ud5d8\ud560 \uc218 \uc788\uc2b5\ub2c8\ub2e4.'), STRINGDECODE('[\uc77c\ubc18]\ube44\uc790\ud5a5 \uac00\ub4dd\ud55c \ubc31\uc554\uc0b0\uc73c\ub85c \ub5a0\ub098\ub294 \uc5ec\ud589'));
INSERT INTO "PUBLIC"."PROGRAM" VALUES
('prg-78', STRINGDECODE('\ubc31\uc591\uace8\uc790\uc5f0\ud574\uc124-\uc232\uae38\uac77\uae30 \ubc0f \ud0c1\uc871-\ubc31\uc591\uc0ac \uacf5\uc591 \uccb4\ud5d8-\uc2a4\ub2d8\uacfc \ucc28\ub2f4\ub098\ub204\uae30-\uc694\uac00 \ubc0f \uba85\uc0c1'), STRINGDECODE(' \u25cb \uc790\uc5f0\ud574\uc124\uc744 \ud1b5\ud574 \uc624\uac10\uc744 \uc774\uc6a9\ud55c \uc232\uc744 \ub290\uaef4\ubcf4\uace0 \uc120\uc870\ub4e4\uc758 \uc9c0\ud61c\ub97c \ubc30\uc6b0\ub294 \ud0c1\uc871\uccb4\ud5d8\uc744 \ud1b5\ud574 \uc2a4\ud2b8\ub808\uc2a4 \ud574\uc18c\n \u25cb \ubc31\uc591\uc0ac\uc758 \ubb38\ud654\uc7ac\ub97c \uad00\ub78c\ud558\uace0 \uc2a4\ub2d8\uacfc\uc758 \ucc28\ub2f4\ub098\ub204\uae30 \ud504\ub85c\uadf8\ub7a8 \ucc38\uc5ec \ud6c4 \uba85\uc0c1 \ubc0f \uc694\uac00\ub97c \ud1b5\ud574 \uc2a4\ud2b8\ub808\uc2a4 \ubc0f \uc2e0\uccb4 \ud53c\ub85c \ud480\uae30 \n  \n '), STRINGDECODE('PTSD \uc232\uce58\uc720 \uc0dd\ud0dc\uad00\uad11')),
('prg-79', STRINGDECODE('\ubc31\uc591\uace8\uc790\uc5f0\uad00\ucc30\ub85c-\ubc31\uc591\uc0ac-\ub0a8\ucc3d\uacc4\uace1-\uc785\uc554\uc0b0'), STRINGDECODE(' \u25cb \ubc31\uc591\uace8 \uc544\ub984\ub2e4\uc6b4 \uc790\uc5f0\uc744 \ub290\ub07c\uace0 \ubc31\uc591\uc0ac \uc2a4\ub2d8\uacfc \ucc28\ub2f4\uc744 \ub098\ub204\ub294 \uc720\uc775\ud55c \uc2dc\uac04\ub3c4 \uac16\uace0 \uc232 \uc18d\uc5d0\uc11c \uc601\ud654\ub3c4 \ubcfc \uc218 \uc788\ub294 \uc54c\ucc2c \uc0dd\ud0dc\uad00\uad11 \uc785\ub2c8\ub2e4. '), STRINGDECODE('[1\ubc152\uc77c\ud615] \ube44\uc790\ud5a5 \uac00\ub4dd\ud55c \ubc31\uc554\uc0b0\uc73c\ub85c \ub5a0\ub098\ub294 \uc5ec\ud589')),
('prg-80', STRINGDECODE('\uc9c4\ub3c4 \ud33d\ubaa9\ud56d\uc5d0\uc11c \ubc30\ub97c \ud0c0\uace0 \ucd9c\ubc1c, \uad00\ub9e4\ub3c4\uc5d0 \ub3c4\ucc29\ud558\uc5ec \uc9c4\ud589\ub418\ub294 \ud504\ub85c\uadf8\ub7a8\uc785\ub2c8\ub2e4.'), STRINGDECODE('\uc544\ub984\ub2e4\uc6b4 \ud574\uc548\uc758 \uacbd\uce58\uc640 \ud0dc\uacf3\uc801 \uc790\uc5f0\uad74\uc774 \uc2e0\ube44\ub85c\uc6b4 \uc12c, \uad00\ub9e4\ub3c4 \uba85\ud488\ub9c8\uc744\uc5d0\uc11c 1\ubc152\uc77c'), STRINGDECODE('\ub9c8\uc2e4\uae38\ub530\ub77c (\uad00\ub9e4\ub3c4 1\ubc152\uc77c)')),
('prg-81', STRINGDECODE('\ud658\uacbd\uc131\uc9c8\ud658(\uc544\ud1a0\ud53c, \uc18c\uc544\uc554 \ub4f1) \uc544\ub3d9 \ubc0f \uac00\uc871\uacfc \ud568\uaed8\ud558\ub294 \uad6d\ub9bd\uacf5\uc6d0 \uccb4\ud5d8\ud65c\ub3d9&\uc758\ub8cc\uc9c4 \uac15\uc758'), STRINGDECODE(' \ud658\uacbd\uc131\uc9c8\ud658(\uc544\ud1a0\ud53c, \uc18c\uc544\uc554 \ub4f1) \uc544\ub3d9 \ubc0f \uac00\uc871\uacfc \ud568\uaed8\ud558\ub294 \uad6d\ub9bd\uacf5\uc6d0 \uccb4\ud5d8\ud65c\ub3d9\uc73c\ub85c \uc232(\uc790\uc5f0)\uc5d0\uc11c \ud790\ub9c1\ud504\ub85c\uadf8\ub7a8.'), STRINGDECODE('\uad6d\ub9bd\uacf5\uc6d0\uacfc \ud568\uaed8\ud558\ub294 \uac74\uac15\ub098\ub204\ub9ac \ucea0\ud504')),
('prg-82', '', '', STRINGDECODE('\uc0ac\ud68c\uc131 \uc99d\uc9c4 \ud504\ub85c\uadf8\ub7a8 \ucc38\uc5ec')),
('prg-83', STRINGDECODE('\ubc40\uc0ac\uace8\ud0d0\ubc29\uc548\ub0b4\uc18c-\uc790\uc5f0\uad00\ucc30\ub85c \uc232\uc18d\uccb4\ud5d8'), STRINGDECODE(' \uc790\uc5f0\uc774 \uc0b4\uc544\uc228\uc26c\ub294 \ubc40\uc0ac\uace8\uc5d0\uc11c \uc232\uc18d \uce5c\uad6c\ub4e4\uc744 \ub9cc\ub098\ub294 \uc2dc\uac04~!'), STRINGDECODE('\uc9c0\ub9ac\uc0b0 \ubc40\uc0ac\uace8\ub85c \ub5a0\ub098\ub294 \ud14c\ub9c8\uc5ec\ud589(\ub2f9\uc77c\ud615)')),
('prg-84', STRINGDECODE('1\uc77c\ucc28 - \ud0d0\ubc29\uc548\ub0b4\uc18c1\uce35, 2\uce35, \uc790\uc5f0\ud574\uc124, \ucc38\uc5ec\uc790 \ud654\ud569\uc758 \uc2dc\uac04, 2\uc77c\ucc28 - \uad6d\uc545\uc758 \uc131\uc9c0, \ub0a8\uc6d0\ud14c\ub9c8\ud30c\ud06c, \uad11\ud55c\ub8e8\uc6d0\ub4f1'), STRINGDECODE(' \uc790\uc5f0\uc18d\uc5d0\uc11c \uc77c\uc0c1\uc5d0 \uc2a4\ud2b8\ub808\uc2a4\uc5d0\uc11c \ud0c8\ucd9c\ud560 \uc218 \uc788\uace0, \uc11c\ub85c\uac00 \ub354\uc6b1 \uac00\uae4c\uc6cc\uc9c8\uc218 \uc788\ub294 \uc2dc\uac04\uc744 \uac16\ub294  \ud14c\ub9c8\uc5ec\ud589~!'), STRINGDECODE('\uc9c0\ub9ac\uc0b0 \ubc40\uc0ac\uace8\ub85c \ub5a0\ub098\ub294 \ud14c\ub9c8\uc5ec\ud589(1\ubc15 2\uc77c\ud615)')),
('prg-85', STRINGDECODE('\uc790\uc728 \uc810\uc2ec\uc2dd\uc0ac ~ \ub355\uc720\uc0b0\uc758 \uc0ac\uacc4 \ub3d9\uc601\uc0c1 \uac10\uc0c1 ~ \uace4\ub3c4\ub77c\ud0c0\uace0 \ud5a5\uc801\ubd09 \ud0d0\ubc29'), STRINGDECODE('1. \ub300\uc804\uc5d0\uc11c 1\uc2dc\uac04 \uac70\ub9ac \ubb34\uc8fc\ub9ac\uc870\ud2b8\n <BR>2. \uace4\ub3cc\ub77c\ud0c0\uace0 10\ubd84\ub9cc\uc5d0 \uc624\ub974\ub294 \uc815\uc0c1\n <BR>3. \uc57c\uc0dd\ud654 \ub9cc\ubc1c \ud5a5\uc801\ubd09 \uc774\uc57c\uae30\n <BR>4. \uacc4\ub8e1\uc0b0\uacfc \uc9c0\ub9ac\uc0b0\uc744 \ud55c\ub208\uc5d0'), STRINGDECODE('\uace4\ub3cc\ub77c\ud0c0\uace0 \ub355\uc720\uc0b0 \ucc9c\uc0c1 \ub098\ub4e4\uc774'));
INSERT INTO "PUBLIC"."PROGRAM" VALUES
('prg-86', STRINGDECODE('\ubaa8\ub450\ubaa8\ub450\ubaa8\uc5ec\uc694~\uae08\uac15\ubaa8\uce58\uac00 \uc0b4\uace0\uc788\ub294 \uad6c\ucc9c\ub3d9\uacc4\uace1\uc774\uc57c\uae30~\uac00\uc871\ub808\ud06c\ub808\uc774\uc158~\uad00\uad11\uace4\ub3cc\ub77c~\ud5a5\uc801\ubd09~\ub9c9\uac78\ub9ac \ub9cc\ub4e4\uae30 \uccb4\ud5d8'), STRINGDECODE('\uc232\uc18d\uc5ec\ud589\uc744 \ud558\uba70 1\ubc152\uc77c\ub3d9\uc548 \uc544\ub984\ub2e4\uc6b4 \uc790\uc5f0\uc744 \uc990\uaca8\ubcfc \uc218 \uc788\ub294 \ud504\ub85c\uadf8\ub7a8\uc785\ub2c8\ub2e4.\n \ub2e8\uccb4\ucc38\uac00\ub294 \uc544\ub798\uc804\ud654\ub85c \ubb38\uc758\ud574\uc8fc\uc2dc\uae30 \ubc14\ub78d\ub2c8\ub2e4.\n <BR>\ubb38\uc758: 063-322-3174, 3473. \uc0dd\ud0dc\uad00\uad11 \ub2f4\ub2f9\uc790'), STRINGDECODE('\ub355\uc720\uc0b0 \uc232\uc18d\uc5ec\ud589')),
('prg-87', STRINGDECODE('\ub355\uc720\uc0b0\uad6d\ub9bd\uacf5\uc6d0 \uc232\uc18d \ud0d0\ubc29-\uae08\uac15 \ub808\ud504\ud305-\ub9c8\uc774\uc0b0 \uc5ed\uc554\ub3d9\uad74 \ud0d0\ubc29-\ubcc0\uc0b0\ubc18\ub3c4\uad6d\ub9bd\uacf5\uc6d0 \uac2f\ubc8c \ud0d0\ubc29'), STRINGDECODE('\ubc31\ub450\ub300\uac04\uc758 \ub4f1\uc904\uae30 \ub355\uc720\uc0b0\uc5d0\uc11c \ubed7\uc5b4\uc838 \ub0b4\ub824\uc628 \uc0b0\uc904\uae30\uc640 \uac15\uc904\uae30\ub294 \ub9c8\uc774\uc0b0\uc5d0\uc11c \ub9cc\ub098 \uc0b0\ud0dc\uadf9 \uc218\ud0dc\uadf9\uc744 \ubd88\ub7ec\uc654\uc2b5\ub2c8\ub2e4. 1\uc5b5 \ub144 \uc804\uc758 \ud638\uc218\uc600\ub358 \uc2e0\ube44\ub85c\uc6b4 \ub9c8\uc774\uc0b0\uc5d0\uc11c \ub3cc\ud0d1\uacfc   \uc5ed\uace0\ub4dc\ub984 \uc774\uc57c\uae30\ub294 \uc9c1\uc811 \ubcf4\uc544\uc57c\ub9cc \ub290\ub084 \uc218 \uc788\ub294 \uc2e0\ube44\ud568\uc744 \uac04\uc9c1\ud55c \uc790\uc5f0\uc0dd\ud0dc\uccb4\ud5d8\uc785\ub2c8\ub2e4.   \n \uc804\uc8fc\ub294 \uc870\uc120\uc655\uc870 500\ub144\uc758 \ubc1c\uc0c1\uc9c0\uc774\uba70 \uc74c\uc2dd\ubb38\ud654\uac00 \ubc1c\ub2ec\ud558\uace0 \uc804\ud1b5\uc774 \uc0b4\uc544 \uc228 \uc26c\ub294   \uc628\uace0\uc9c0\uc2e0\uc758 \uc804\ud1b5\ub3c4\uc2dc\uc5ec\ud589\uc785\ub2c8\ub2e4. \uc774\uc640 \ub354\ubd88\uc5b4 \uc11c\ud574\uc548 \uac2f\ubc8c\uc5ec\ud589\uc740 \ud574\uc591 \uc0dd\ud0dc\uacc4\uc758 \uc0dd   \uc131\uc9c0\uc774\uace0 \ubc14\ub2f7\ubb3c\uacfc \ud759\uc744 \ube5a\uc5b4 \uc0c8\ub85c\uc6b4 \uc790\uc6d0\ud0c4\uc0dd\uc758 \uc18c\uc911\ud568\uc744 \ub290\ub07c\uac8c \ud574\uc8fc\ub294 \ud0d0\ud5d8\uc5ec\ud589   \uc785\ub2c8\ub2e4.'), STRINGDECODE('[\uc218\ud559\uc5ec\ud589]\uae38\uc5d0\uc11c \ub180\uba70 \ubc30\uc6b0\ub294 \uc790\uc5f0\ud559\uad50\uc5ec\ud589')),
('prg-88', STRINGDECODE('\ubcc0\uc0b0\ubc18\ub3c4 \uad6d\ub9bd\uacf5\uc6d0\uc758 \uc544\ub984\ub2e4\uc6b4 \uc0b0\uacfc \ubc14\ub2e4 \uadf8\ub9ac\uace0 \uc9c0\uc5ed\uc8fc\ubbfc\uc758 \uc0dd\ud65c\ubb38\ud654 \uccb4\ud5d8 \ud504\ub85c\uadf8\ub7a8'), STRINGDECODE(' \uc0b0\uacfc \ubc14\ub2e4\uac00 \uc544\ub984\ub2e4\uc6b4 \ubcc0\uc0b0\ubc18\ub3c4\uad6d\ub9bd\uacf5\uc6d0\uc5d0\uc11c \uc232\uccb4\ud5d8, \ubc14\ub2e4\uccb4\ud5d8\uacfc \ub354\ubd88\uc5b4 \ubc14\ub2e4\uc640 \ub4e4\uc744 \uc8fc \uc0dd\ud65c\uc9c0\ub85c \uc0b4\uc544\uac00\ub294 \uc9c0\uc5ed\uc8fc\ubbfc\ub4e4\uc758 \uc0dd\ud65c\ubb38\ud654 \ub4f1 \ub2e4\uc591\ud55c \uccb4\ud5d8\uc704\uc8fc\uc758 \ud504\ub85c\uadf8\ub7a8'), STRINGDECODE('\uc0b0\uacfc \ubc14\ub2e4\uac00 \ud568\uaed8\ud558\ub294 \uc544\ub984\ub2e4\uc6b4 \ub3d9\ud589')),
('prg-89', STRINGDECODE('\ub0b4\uc7a5\uc0b0 \uc790\uc5f0 \uc18d \ud2b8\ub808\ud0b9\uacfc \ud568\uaed8 \ubbf8\uc158\uccb4\ud5d8\ub3c4 \uc990\uae30\uc2dc\uace0 100\ub144 \uc804 \ucd08\uac00\ub9c8\uc744\uc5d0\uc11c \ud558\ub8fb\ubc24\uc744 \ubcf4\ub0bc \uc218  \uc788\ub294 \uc219\ubc15\ud615 \ud504\ub85c\uadf8\ub7a8\uc785\ub2c8\ub2e4.'), STRINGDECODE(' - \ub0b4\uc7a5\uc0b0 \ud0d0\ubc29\uc548\ub0b4\uc18c \uad00\ub78c\n - \uc790\uc5f0\ub180\uc774 \ubc0f \ub098\ubb47\uc78e\ud2f0\uc154\uce20 \ub9cc\ub4e4\uae30 \uccb4\ud5d8\n - \uc232 \ud2b8\ub808\ud0b9, \ubbf8\uc158\uc218\ud589 \n - \ucd08\uac00\uc9d1\uc5d0\uc11c \ubcf4\ub0b4\ub294 \ubc24\n   (\uc5ec\uce58\uc9d1\ub9cc\ub4e4\uae30 \uccb4\ud5d8 \ub4f1)\n - \uac15\uc815 \ub9cc\ub4e4\uae30 \uccb4\ud5d8'), STRINGDECODE('\ub0b4\uc7a5\uc0b0\uacfc \ud568\uaed8\ud558\ub294 \uc990\uac70\uc6b4 \uc5ec\ud589(\uc219\ubc15\ud615)'));
INSERT INTO "PUBLIC"."PROGRAM" VALUES
('prg-90', STRINGDECODE('\ub0b4\uc7a5\uc0b0\uc758 \uc790\uc5f0\uc744 \ub290\ub084 \uc218 \uc788\ub294 \uccb4\ud5d8\uad00\uad11'), STRINGDECODE(' \ub0b4\uc7a5\uc0b0\uad6d\ub9bd\uacf5\uc6d0\uc758 \uc790\uc5f0\uc744 \ub290\ub084 \uc218 \uc788\ub294 \ub9e4\uc6b0 \uc720\uc775\ud55c \uccb4\ud5d8\uad00\uad11 \ud504\ub85c\uadf8\ub7a8\uc785\ub2c8\ub2e4.'), STRINGDECODE('\ub0b4\uc7a5\uc0b0\uacfc \ud568\uaed8\ud558\ub294 \uc990\uac70\uc6b4 \uc5ec\ud589(\ub2f9\uc77c\ud615)')),
('prg-91', STRINGDECODE('\ub0b4\uc7a5\uc0b0\uc758 \uc790\uc5f0\uc744 \ub290\ub084 \uc218 \uc788\ub294 \uc790\uc5f0\uccb4\ud5d8'), STRINGDECODE(' \uc18c\uc678\uacc4\uce35 \ub300\uc0c1, \uad6d\ub9bd\uacf5\uc6d0\uc5d0\uc11c \uc990\uae38 \uc218 \uc788\ub294 \uc720\uc775\ud55c \uc790\uc5f0\uccb4\ud5d8\uacfc \ubc14\uc6b0\ucc98\ud504\ub85c\uadf8\ub7a8 \uc9c0\uc6d0\uc744 \ud1b5\ud55c \ud604\uc7a5\ud615 \ud658\uacbd\uad50\uc6b1\uc744 \uc81c\uacf5\ud569\ub2c8\ub2e4.'), STRINGDECODE('\ub2e8\ud48d\ub098\ubb34\uc640 \ud568\uaed8 \ucd94\uc5b5\ub9cc\ub4e4\uae30')),
('prg-92', STRINGDECODE('\ucda9\ub0a8 \uacf5\uc8fc \ub3d9\ud559\uc0ac \uc9c0\uc5ed \uc77c\uc6d0'), STRINGDECODE(' \uacc4\ub8e1\uc0b0 \ub3d9\ud559\uc0ac\uc9c0\uad6c\uc758 \uc790\uc5f0\uacfc \ubb38\ud654\ub97c \uccb4\ud5d8\ud558\uace0 \uc778\uadfc\uc758\n \uad00\uad11\uc9c0\ub97c \uad00\ub78c\ud558\ub294 \ud0d0\ubc29\ud504\ub85c\uadf8\ub7a8\uc785\ub2c8\ub2e4.'), STRINGDECODE('\ubbf8\ub798\uc138\ub300 \uacc4\ub8e1\uc0b0 \uc0dd\ud0dc\ud0d0\ubc29')),
('prg-93', STRINGDECODE('\ucda9\ub0a8 \uacc4\ub8e1\uc0b0 \ub3d9\ud559\uc0ac \uc9c0\uc5ed \ubc0f \uacf5\uc8fc, \ubd80\uc5ec \uc77c\uc6d0'), STRINGDECODE(' \uacc4\ub8e1\uc0b0 \ub3d9\ud559\uc0ac\uc9c0\uad6c\uc758 \uc790\uc5f0\uacfc \ubb38\ud654\ub97c \uccb4\ud5d8\ud558\uace0 \uc778\uadfc\uc758 \uacf5\uc8fc, \ubd80\uc5ec \uad00\uad11\uc9c0\ub97c \ud0d0\ubc29\ud558\ub294 \ud504\ub85c\uadf8\ub7a8\uc785\ub2c8\ub2e4.'), STRINGDECODE('\ub808\uc778\uc800\uc640 \ud568\uaed8\ud558\ub294 \uacc4\ub8e1\uc0b0 \uc0dd\ud0dc\ud0d0\ubc29')),
('prg-94', STRINGDECODE('\uacc4\ub8e1\uc0b0~\uacf5\uc8fc~\uc11c\ud574 \ubc14\ub2e4~\ubd80\uc5ec. 2\ubc15 3\uc77c\ud615 \uc218\ud559\uc5ec\ud589 \ud504\ub85c\uadf8\ub7a8.'), STRINGDECODE(' \ubc31\uc81c \uc5ed\uc0ac\ub97c \ub300\ud45c\ud558\ub294 \uacc4\ub8e1\uc0b0, \uacf5\uc8fc, \ubd80\uc5ec \uc9c0\uc5ed\uc744 \ub3cc\uc544\ubcf4\uba70 \ubc31\uc81c\uc778\uc758 \uc228\uacb0\uc744 \ub290\ub07c\ub294 \uc5ed\uc0ac \ud0d0\ubc29 \ud504\ub85c\uadf8\ub7a8(\uc218\ud559\uc5ec\ud589)'), STRINGDECODE('\uacc4\ub8e1\uc0b0 \ub530\ub77c \ubc31\uc81c\ud5a5\uae30 eco-tour')),
('prg-95', STRINGDECODE('\uad6d\ub9bd\uacf5\uc6d0\uacfc \ud568\uaed8\ud558\ub294 \uac74\uac15 \ub098\ub214 \ucea0\ud504!! \ud658\uacbd\uc131\uc9c8\ud658 \uc27d\uac8c \uc774\ud574\ud558\uae30, \uc790\uc5f0\ub180\uc774\ud398\uc2a4\ud2f0\ubc8c, \ud0dc\uc548\ud574\ubcc0\uae38 \uc5d0\ucf54\uc5d4\ud2f0\uc5b4\ub9c1\uc744 \ud568\uaed8 \uc990\uae30\uba70 \ubab8\uacfc \ub9c8\uc74c\uc744 \uce58\uc720\ud558\ub294 \uc2dc\uac04\uc744 \ud568\uaed8 \ud569\ub2c8\ub2e4.'), STRINGDECODE(' \ud478\ub978 \uacf0\uc194\uc232\uacfc \ud30c\ub780 \ubc14\ub2e4\uac00 \uc5b4\uc6b0\ub7ec\uc9c4 \ud0dc\uc548\ud574\uc548\uad6d\ub9bd\uacf5\uc6d0\uc5d0\uc11c \ud658\uacbd\uc131\uc9c8\ud658(\ucc9c\uc2dd)\uc5d0 \ub300\ud55c \uc62c\ubc14\ub978 \uc774\ud574\ub97c \ub3d5\uace0, \ud0dc\uc548\ud574\ubcc0\uae38 \ud2b8\ub808\ud0b9\uc744 \ud1b5\ud574 \uac74\uac15\uc744 \ub2e4\uc9c0\uace0, \ub2e4\uc591\ud55c \uc790\uc5f0\ub180\uc774\ub97c \ud1b5\ud574 \uce58\uc720\uc758 \uc2dc\uac04\uc744 \ud568\uaed8\ud558\ub294 \uac74\uac15\ub098\ub214 \ucea0\ud504'), STRINGDECODE('\ud478\ub978\uc232 \ud30c\ub780\ubc14\ub2e4 \uac74\uac15\ub098\ub204\ub9ac \ucea0\ud504')),
('prg-96', STRINGDECODE('\uad7d\uc774\uad7d\uc774 230km \ub9ac\uc544\uc2a4\uc2dd \ud574\uc548\uc120\uc758 \uc544\ub984\ub2e4\uc6c0\uc744 \ud488\uc740 \ud0dc\uc548\ud574\uc548\uad6d\ub9bd\uacf5\uc6d0 \uc0dd\ud0dc\ud0d0\ubc29!! \u300elet''s go \ud0dc\uc548\ud574\uc548 \uc0dd\ud0dc\ub85c\ub4dc\u300f 100\ubc30 \uc990\uae30\uae30!!'), STRINGDECODE('\ud0dc\uc548\ud574\uc548\uad6d\ub9bd\uacf5\uc6d0\uc5d0\uc11c \uc6b4\uc601\ub418\ub294 \uc0dd\ud0dc\uad00\uad11 \u300eLet''s go \ud0dc\uc548\ud574\uc548 \uc0dd\ud0dc\ub85c\ub4dc\u300f\ub294 \ubaa8\ub798\uc5b8\ub355\uc774 \uac04\uc9c1\ud55c \ud574\uc548\uc0ac\uad6c\uc758 \ube44\ubc00 \ud0d0\ud5d8\uacfc \ub354\ubd88\uc5b4 \ubb3c\ub54c\uc5d0 \ub9de\ucdb0 \ub4dc\ub7ec\ub098\ub294 \uc2e0\ube44\ud55c \ubc14\ub2f7\uac00\uc758 \uc0dd\ubb3c\ub4e4\uc744 \uc9c1\uc811 \ub9cc\ub098\uace0 \uad00\ucc30\ud560 \uc218 \uc788\uc2b5\ub2c8\ub2e4. \uc5f4\uc545\ud55c \ud658\uacbd \uc18d\uc5d0\uc11c\ub3c4 \uafcb\uafcb\uc774 \uc0b4\uc544\uac00\ub294 \ud76c\uadc0\uc0dd\ubb3c\uc744 \uad00\ucc30\ud558\uace0 \uadf8\ub4e4\uc758 \uc0dd\uc874\uc804\ub7b5\uc744 \ubc30\uc6b0\uba70 \uce5c\uad6c\uac00 \ub420 \uc218 \uc788\uc2b5\ub2c8\ub2e4. \n \ud0dc\uc548\ud574\uc548\uad6d\ub9bd\uacf5\uc6d0\uc5d0\uc11c \uc6b4\uc601\ub418\ub294 \u300eLet''s go \ud0dc\uc548\ud574\uc548 \uc0dd\ud0dc\ub85c\ub4dc\u300f\uc740 \uc5f0\uc778, \uac00\uc871 \ub204\uad6c\ub098 \ubd80\ub2f4 \uc5c6\uc774 \ucc38\uc5ec\ud558\uc2e4 \uc218 \uc788\ub294 \uad6d\ub9bd\uacf5\uc6d0 \ucd5c\uace0\uc758 \ud504\ub85c\uadf8\ub7a8\uc785\ub2c8\ub2e4. \uc6b4\uc601\uac1c\uc694 \n 1) \uc0ac\uc804\uc608\uc57d \ud544\uc218(www.ecotour.knps.or.kr)\n 2) \ub2f9\uc77c\ud615\n 3) \ubaa8\uc9d1\uc778\uc6d0 20\uc778 \uc774\uc0c1 \uc2dc \uc6b4\uc601\uac00\ub2a5\n 4) \uc6b4\uc601\ube44 \uac1c\uc778 \ubd80\ub2f4(\ucc28\ub7c9\uc784\ub300, \uc911\uc2dd, \uc5ec\ud589\uc790\ubcf4\ud5d8, \uccb4\ud5d8\ube44 \ub4f1)\n 5) \uc900\ube44\ubb3c : \ud3b8\uc548\ud55c \uc637\ucc28\ub9bc, \uc6b4\ub3d9\ud654, \ubaa8\uc790, \uac2f\ubc8c\uccb4\ud5d8\uc2dc \uc5ec\ubc8c\uc758 \uc637 \ub4f1'), STRINGDECODE('let`s go  \ud0dc\uc548\ud574\uc548 \uc0dd\ud0dc\ub85c\ub4dc'));
INSERT INTO "PUBLIC"."PROGRAM" VALUES
('prg-97', STRINGDECODE('\ubc31\uc81c\uc758 \ubb38\ud654\uc640 \ubc14\ub2e4 \uc0dd\ud0dc\uacc4\uc758 \uc624\uac10\uc744 \uccb4\ud5d8\ud560 \uc218 \uc788\ub294 \ud0dc\uc548\ud574\uc548 \uc218\ud559\uc5ec\ud589'), STRINGDECODE('  \u25cb \ucc9c\ub144\uc744 \uc774\uc5b4\uc628 \ubc31\uc81c\uc758 \ubbf8\uc18c\n \ube5b\uc5d0 \ub530\ub77c \uc6c3\ub294 \ud45c\uc815\uc774 \ub2ec\ub77c\uc9c0\ub294 \ubc31\uc81c\uc758 \ucc9c\ub144 \ubbf8\uc18c \uc11c\uc0b0 \ub9c8\uc560\uc0bc\uc874\ubd88\uc0c1\uc744 \ubcf4\uba70 \ubb38\ud654\uc640 \uc5ed\uc0ac\uc5d0 \ub300\ud574 \ubc30\uc6b8 \uc218 \uc788\uace0, \uac1c\uc2ec\uc0ac\uc5d0 \ub4e4\ub824 \ub9c8\uc74c\uac00\uc9d0\uc744 \uc815\ub9ac\ud560 \uc218 \uc788\ub294 \uc2dc\uac04\uc744 \ubcf4\ub0b4\uc790,\n \n \u25cb \ubc14\ub2e4 \uc0dd\ud0dc\uacc4\uc758 \uc624\uac10\uc744 \ub290\ub084 \uc218 \uc788\ub294 \uc5ec\ud589\n \uc0b4\uc544\uc788\ub294 \uc0dd\uba85\uc758 \ubc8c, \uac2f\ubc8c. \ud0dc\uc548\uc758 \uc0b4\uc544\uc788\ub294 \uc0dd\ud0dc\uacc4\ub97c \uc9c1\uc811 \uccb4\ud5d8\ud560 \uc218 \uc788\ub294 \uac2f\ubc8c\uccb4\ud5d8\uacfc \uc5fc\uc804\uccb4\ud5d8\uc744 \ud1b5\ud574, \ud574\uc548 \uc0dd\ud0dc\uacc4\uc758 \uba4b\uc9c4 \ud5a5\uc5f0\uc744 \uac10\uc0c1\ud574\ubcf4\uc790. \ud2b9\ud788 \ud0dc\uc548\ubc14\ub2f7\uae38\uc744 \uc9c1\uc811 \uac78\uc5b4\ubcf4\uba70 \ud574\uc548 \ub3d9, \uc2dd\ubb3c\ub4e4\uc744 \ud55c\ub208\uc5d0 \ubcfc \uc218 \uc788\uc73c\uba70, \ubc14\ub2e4 \uc0dd\ud0dc\uacc4\ub97c \uc624\uac10\uc73c\ub85c \ub290\ub07c\uace0 \uacbd\ud5d8\ud560 \uc218 \uc788\ub2e4.  \n \n \u25cb \ud0dc\uc548 \ud574\uc548 \uad6d\ub9bd\uacf5\uc6d0\uc5d0\uc11c \uc0dd\ud0dc\uac10\uc218\uc131\uc744 \ud0a4\uc6b0\ub294 \uc5ec\ud589\n \uc6b0\ub9ac\ub098\ub77c \uc720\uc77c\uc758 \ud574\uc548\ud615 \uad6d\ub9bd\uacf5\uc6d0\uc778 \ud0dc\uc548\ud574\uc548 \uad6d\ub9bd\uacf5\uc6d0, \ub300\ud45c\uc801\uc778 \ub9ac\uc544\uc2a4\uc2dd \ud574\uc548\uc744 \ubcf4\uace0 \ub300\uc790\uc5f0\uc744 \ub9cc\ub0a0 \uc218 \uc788\ub294 \uacf3\uc774\ub2e4. \uc11c\ub85c \ub2e4\ub978 \uc774\ub984\uc744 \uac00\uc9c4 \ud574\ubcc0\ub4e4\uc774 \uc624\ubc00\uc870\ubc00 \ud574\uc548\uc120\uc744 \uc774\ub8e8\ub294 \uacf3. \uc11c\ud574\uc548\uc758 \uc12c\uc138\ud55c \uc7a5\uad00\uc744 \ub290\uaef4\ubcf4\uc790.\n '), STRINGDECODE('\ubc31\uc81c\uc758 \ubb38\ud654\ub97c \ubc30\uc6b0\uace0 \ubc14\ub2e4 \uc0dd\ud0dc\uacc4\uc758 \uc624\uac10\uc744 \ub290\ub084 \uc218 \uc788\ub294 \uc5ec\ud589')),
('prg-98', STRINGDECODE('1\uc77c\ucc28 : \uc5f0\ud654\ubd09,\uc18c\ubc31\uc0b0\ucc9c\ubb38\ub300 , 2\uc77c\ucc28 : \ub2e8\uc591\ud314\uacbd \ud22c\uc5b4, \ucda9\uc8fc\ud638\uc720\ub78c\uc120 \uc2b9\uc120'), STRINGDECODE(' \uc774 \ud504\ub85c\uadf8\ub7a8\uc740 \uc18c\ubc31\uc0b0\uad6d\ub9bd\uacf5\uc6d0\ubd81\ubd80\uc0ac\ubb34\uc18c \ud2b9\ubcc4\ud504\ub85c\uadf8\ub7a8\uc785\ub2c8\ub2e4.'), STRINGDECODE('\ucc9c\uc0c1\uc758 \ud654\uc6d0 \uc5f0\ud654\ubd09 \uc990\uae30\uae30')),
('prg-99', STRINGDECODE('1.\ud55c\ub4dc\ubbf8\ub9c8\uc744 \ud22c\uc5b4 2.\ub18d\ucd0c\ubb38\ud654\uccb4\ud5d8 3. \uc804\ud1b5\uc74c\uc2dd \ub9cc\ub4e4\uae30 \uccb4\ud5d8 \ub4f1'), STRINGDECODE(' \uad6d\ub0b4 \ucd5c\uace0\uc758 \uc0dd\ud0dc\ub9c8\uc744\uc778 \ud55c\ub4dc\ubbf8\ub9c8\uc744\uc5d0\uc11c \uba38\ubb3c\uba70 \uc77c\uc0c1\uc5d0\uc11c\ub294 \uacbd\ud5d8\ud560 \uc218 \uc5c6\uc5c8\ub358 \ud2b9\ubcc4\ud55c \ub18d\ucd0c \uccb4\ud5d8\uc744 \uc2e0\ub098\uace0 \uc7ac\ubbf8\uc788\uac8c \uacbd\ud5d8\ud560 \uc218 \uc788\ub294 \ud504\ub85c\uadf8\ub7a8\uc785\ub2c8\ub2e4.'), STRINGDECODE('\ud55c\ub4dc\ubbf8\uc57c \ub180\uc790 (\ud31c\uc2a4\ud14c\uc774)')),
('prg-100', STRINGDECODE('\ub300\uba85\ub9ac\uc870\ud2b8 ~ \uc0ac\uc778\uc554 ~  \uc0c1\uc120\uc554 ~ \uc720\ub78c\uc120 \uad00\uad11(\uad6c\ub2f4\ubd09.\uc625\uc21c\ubd09) ~ \ub300\uba85\ub9ac\uc870\ud2b8'), STRINGDECODE(' \uc6d4\uc545\uc0b0 \uc0dd\ud0dc\uad00\uad11 ''\ub300\uba85\ud22c\uc5b4, \uc6d4\uc545\uc0b0\uc5d0 \uc548\uae30\ub2e4.'' \ud504\ub85c\uadf8\ub7a8\uc740 \ub2e8\uc591\uc9c0\uc5ed \ub2e8\uc591\ud314\uacbd \ud574\uc124\uc5d0 \ucc38\uc5ec\ud558\uace0 \uc720\ub78c\uc120 \ud0d1\uc2b9\uc744 \uccb4\ud5d8 \ud560 \uc218 \uc788\ub294 \ub300\uba85\ub9ac\uc870\ud2b8 \ub2e8\uc591 \uc5f0\uacc4\ud504\ub85c\uadf8\ub7a8\uc785\ub2c8\ub2e4.  \uc608\uc57d \uc804 \uc5f0\ub77d \ubc14\ub78d\ub2c8\ub2e4.'), STRINGDECODE('\ub300\uba85\ud22c\uc5b4, \uc6d4\uc545\uc0b0\uc5d0 \uc548\uae30\ub2e4.'));
INSERT INTO "PUBLIC"."PROGRAM" VALUES
('prg-101', STRINGDECODE('\ubc95\uc8fc\uc0ac \uc790\uc5f0/\ubb38\ud654\ud574\uc124, \uccb4\ud5d8(\ucc9c\uc5f0 \uc5fc\uc0c9, \ucc9c\uc5f0 \ube44\ub204, \ub3c4\ubbf8\ub178, \uc790\uc5f0\uacf5\uc608, \ub9d0 \uba39\uc774\uc8fc\uae30, \uae30\ub9c8\uccb4\ud5d8), \uc2dc\uae30\ubcc4 \ud2b9\ud654(\ud070\uc785\ubc30\uc2a4, \ub3fc\uc9c0\ud480 \uc81c\uac70)'), STRINGDECODE(' \uc18d\ub9ac\uc0b0\uc758 \uc544\ub984\ub2e4\uc6b4 \uc790\uc5f0\uc5d0\uc11c \ub3d9\ubb3c\uacfc\uc758 \uad50\uac10, \uc0dd\ud0dc\uacc4 \uad00\ucc30 \ub4f1 \ub2e4\uc591\ud55c \uccb4\ud5d8\ub4e4\uc744 \uc785\ub9db\uc5d0 \ub530\ub77c \uc120\ud0dd\ud558\uc5ec \uc990\uae30\uc2dc\uace0 \uc2dc\uae30\ubcc4\ub85c \ud2b9\ud654\ub41c \uc678\ub798\uc885 \uc81c\uac70\ud65c\ub3d9\ub3c4 \uccb4\ud5d8\ud574\ubcf4\uc138\uc694. '), STRINGDECODE('\uc18d\ub9ac\uc0b0\uacfc \uce5c\uad6c\ub418\uae30')),
('prg-102', STRINGDECODE('\ucd08\ub4f1 4~6\ud559\ub144 \uad50\uacfc\uc5f0\uacc4 \uc790\uc5f0/\ubb38\ud654\ud574\uc124. \uad50\uacfc\uc5f0\uacc4 \uccb4\ud5d8\ud65c\ub3d9(\ub3c4\ubbf8\ub178, \uc9c0\uc624\ub370\uc2dd \ub3d4, \uccad\ub3d9\uac70\uc6b8\ub9cc\ub4e4\uae30, \ucc9c\uc5f0\uc5fc\uc0c9, \ucc9c\uc5f0\ube44\ub204, \ub9d0\uacfc \uad50\uac10\ud558\uae30 \ub4f1)'), STRINGDECODE(' \uc2dd\ubb3c\uc758 \ud55c\uc0b4\uc774, \uc2dd\ubb3c\uc758 \uad6c\uc870\uc640 \uae30\ub2a5, \ud0dc\uc591\uc758 \ub0a8\uc911\uace0\ub3c4\uc640 \uacc4\uc808\uc758 \ubcc0\ud654, \uc791\uc740\uc0dd\ubb3c\uc758 \uc138\uacc4 \ub4f1 \uad50\uc2e4\uc5d0\uc11c \uc774\ub860\uc73c\ub85c \ubc30\uc6e0\ub358 \ub0b4\uc6a9\uc744 \uc544\ub984\ub2e4\uc6b4 \uc18d\ub9ac\uc0b0\uc758 \uac74\uac15\ud55c \uc790\uc5f0\uc18d\uc5d0\uc11c \uc9c1\uc811 \uad00\ucc30\ud558\uace0 \uccb4\ud5d8\ud558\uc5ec \uc774\ud574\ud558\ub294 \uc2dc\uac04.'), STRINGDECODE('\ucc9c\ub144\uc758 \uad50\uacfc\uc11c \uc18d\ub9ac\uc0b0')),
('prg-103', STRINGDECODE('\ubc95\uc8fc\uc0ac \uc790\uc5f0/\ubb38\ud654\ud574\uc124, \uccb4\ud5d8(\ucc9c\uc5f0 \uc5fc\uc0c9, \ucc9c\uc5f0 \ube44\ub204, \ub3c4\ubbf8\ub178, \uc790\uc5f0\uacf5\uc608, \ub9d0 \uba39\uc774\uc8fc\uae30, \uae30\ub9c8\uccb4\ud5d8)'), '', STRINGDECODE('\uc18d\ub9ac\uc0b0\uacfc \ud568\uaed8\ud558\ub294 \uc790\uc5f0\ub098\ub204\ub9ac')),
('prg-104', STRINGDECODE('\uc218\ub824\ud55c \uc18d\ub9ac\uc0b0\uad6d\ub9bd\uacf5\uc6d0 \ud0d0\ubc29\uacfc \ud568\uaed8 \ud765\ubbf8\ub85c\uc6b4 \uccb4\ud5d8\ud65c\ub3d9\uc774 \uc5b4\uc6b0\ub7ec\uc9c4 \ud504\ub85c\uadf8\ub7a8'), STRINGDECODE(' \uc624\ub9ac\uc232 \ud0d0\ubc29 \ubc0f \ubc95\uc8fc\uc0ac \ubb38\ud654\ud574\uc124, \uc57c\ud589\uc131 \uc0dd\ubb3c\uad00\ucc30, \ucc9c\uc5f0\uc5fc\uc0c9 \uccb4\ud5d8, \uae30\ub9c8\uccb4\ud5d8, \ub108\ub098\ub4e4\uc774, \uc11c\ubc14\uc774\ubc8c \uac8c\uc784 \ub4f1'), STRINGDECODE('\ubcf5\uc7a1\ud55c \uc77c\uc0c1\uc744 \ub5a0\ub098 \uc790\uc5f0\uacfc \ud558\ub098\ub418\ub294 \uae30\uc6b4\ucda9\uc804 \uc5ec\ud589(1\ubc152\uc77c)')),
('prg-105', STRINGDECODE('\uccad\uc8fc\uc9c0\uc5ed\uc758 \ub2e4\uc591\ud55c \ubb38\ud654\uc7ac\ub4e4 \ubc0f \uc18d\ub9ac\uc0b0\uad6d\ub9bd\uacf5\uc6d0 \ud0d0\ubc29\uacfc \ud568\uaed8 \ub2e4\uc591\ud55c \uccb4\ud5d8\uc774 \uc5b4\uc6b0\ub7ec\uc9c4 \ud504\ub85c\uadf8\ub7a8'), STRINGDECODE('\ub108\ub098\ub4e4\uc774(2\ud68c), \ud658\uacbd\ube59\uace0, \ub3c4\ubbf8\ub178 \uac8c\uc784\n \ucea0\ud504\ud30c\uc774\uc5b4, \ub808\ud06c\ub808\uc774\uc158'), STRINGDECODE('\ud587\ube5b \ud55c \ubaa8\uae08 \ubc14\ub78c \ud55c \uc904\uae30\ub3c4 \uc18c\uc911\ud55c \uc18d\ub9ac\uc0b0 \ud734\uc2dd\uc5ec\ud589(2\ubc153\uc77c\ud615)')),
('prg-106', STRINGDECODE('\ub2e4\uc591\ud55c \ud504\ub85c\uadf8\ub7a8 \uc911 1~2\uac00\uc9c0\ub97c \uc120\ud0dd, \uc77c\uc815\uc744 \ud611\uc758 \ud558\uc5ec \uc9c4\ud589.'), STRINGDECODE(' \uc601\ud654, \uc5f0\uadf9, \ub180\uc774\uacf5\uc6d0, \ub3d9\ubb3c\uc6d0, \uae30\ub9c8\uccb4\ud5d8 \ub4f1\n \ub2e4\uc591\ud55c \ubb38\ud654\uc801 \ud61c\ud0dd\uc744 \ub2e4\ubb38\ud654, \uc800\uc18c\ub4dd\uce35 \ub4f1\n \uc5d0\uac8c \uc81c\uacf5\ud558\ub294 \ud504\ub85c\uadf8\ub7a8.'), STRINGDECODE('\"\uc18d\ub9ac\uc0b0\uacfc \ud568\uaed8\ud558\ub294 \uc790\uc5f0\ub098\ub204\ub9ac\"'));
INSERT INTO "PUBLIC"."PROGRAM" VALUES
('prg-107', STRINGDECODE('\uad6d\ub9bd\uacf5\uc6d0\uc758 \uc0b0\uc591\ubaa8\ub2c8\ud130\ub9c1 \uccb4\ud5d8\uacfc \uc5ed\uc0ac, \uc790\uc5f0 \ud574\uc124'), STRINGDECODE(' \uc6d4\uc545\uc0b0 \uad6d\ub9bd\uacf5\uc6d0\uc758 \uc790\uc5f0\uacbd\uad00\uacfc \uc790\uc5f0\uc0dd\ud0dc\ub97c \uc790\uc720\ub86d\uac8c \uccb4\ud5d8\ud558\uace0 \uac10\uc0c1\ud560 \uc218 \uc788\ub294 \uae30\ud68c\ub97c \uc81c\uacf5\ud558\uace0, \uc544\uc774\ub4e4 \ubc0f \uccad\uc18c\ub144\ub4e4\uc774 \uc790\uc5f0\uc758 \uc18c\uc911\ud55c \uac00\uce58\ub97c \uae68\ub2eb\uace0 \uc774\ud574\ud568\uc73c\ub85c\uc368 \uc790\uc5f0\uc0dd\ud0dc\uacc4 \ubcf4\uc804\uc758 \uc911\uc694\uc131 \ubc0f \ud544\uc694\uc131\uc744 \uc0b0\uc591 \uc704\uce58 \ucd94\uc801\uacfc \uc790\uc5f0, \uc5ed\uc0ac \ud574\uc124\uc744 \ud1b5\ud574 \uacf5\uac10\ud560 \uc218 \uc788\uac8c \ub9cc\ub4dc\ub294 \ud504\ub85c\uadf8\ub7a8 \uc785\ub2c8\ub2e4.'), STRINGDECODE('\ub2e5\ud130, \uc8fc\ub2c8\uc5b4\ub808\uc778\uc800! (Dr. Junior Ranger)')),
('prg-108', STRINGDECODE('1\uc77c\ucc28 : \ubd80\uc11d\uc0ac, \uc18c\uc218\uc11c\uc6d0, \uc120\ube44\ubb38\ud654\uccb4\ud5d8, 2\uc77c\ucc28 : \uc8fd\ub839\uc61b\uae38, \ub3c4\ub2f4\uc0bc\ubd09, \ud55c\ub4dc\ubbf8 \ub9c8\uc744(\ub18d\ucd0c\uccb4\ud5d8) 3\uc77c\ucc28 : \ub2e8\uc591 \uc120\uc554\uacc4\uace1 \uc0ac\uc778\uc554, \ucda9\uc8fc\ud638 \uc720\ub78c\uc120 \uad00\uad11'), STRINGDECODE('1\uc77c\ucc28 : \ubd88\uad50 \ubb38\ud654\uc640 \uc720\uad50 \ubb38\ud654\uc758 \uc911\uc2ec\uc758 \ud504\ub85c\uadf8\ub7a8 \uc9c4\ud589 2\uc77c\ucc28 : \ubc31\ub450\ub300\uac04\uc5d0 \uae43\ub4e0 \uc804\ud1b5 \ubb38\ud654\uccb4\ud5d8 3\uc77c\ucc28 : \ub2e8\uc591 8\uacbd \uc18d\uc5d0\uc11c \uc2e0\uc120\uc774 \ub418\ub2e4!(\ub2e8\uc591 8\uacbd, \ucda9\uc8fc\ud638 \uc720\ub78c\uc120)'), STRINGDECODE('\uc218\ud559\uc5ec\ud589_\uc5ed\uc0ac\uc640 \ubb38\ud654\uac00 \uc0b4\uc544 \uc228\uc26c\ub294 \ubc31\ub450\ub300\uac04 \uc720\ub78c \uc5ec\ud589')),
('prg-109', STRINGDECODE('\uc6d4\uc545\uc0b0\uad6d\ub9bd\uacf5\uc6d0 \uc1a1\uacc4\uc9c0\uad6c \ubc0f \ub2e8\uc591\uc9c0\uad6c(\ud558\ub298\uc7ac~\ub9cc\uc218\uacc4\uace1\uc790\uc5f0\uad00\ucc30\ub85c~\uc7a5\ud68c\ub098\ub8e8~\uc0ac\uc778\uc554)'), STRINGDECODE(' \uc6d4\uc545\uc0b0\uad6d\ub9bd\uacf5\uc6d0  ''\uc57c\uc0dd\ud654\ud5a5\uae30\uc640 \ud568\uaed8 \ub5a0\ub098\ub294 \uc6d4\uc545\uc0b0\uc5ec\ud589'' \uc0dd\ud0dc\ub098\ub204\ub9ac \ud504\ub85c\uadf8\ub7a8\uc740 \ud558\ub298\uc7ac, \ub9cc\uc218\uacc4\uace1\uc790\uc5f0\uad00\ucc30\ub85c, \uc625\uc21c\ubd09\u00b7\uad6c\ub2f4\ubd09, \uc0ac\uc778\uc554 \ub4f1 \uc6d4\uc545\uc0b0\uad6d\ub9bd\uacf5\uc6d0\uc758 \ub300\ud45c \uc5ed\uc0ac\ubb38\ud654\uc790\uc6d0\uacfc \uc790\uc5f0\uc0dd\ud0dc\ub97c \uc790\uc720\ub86d\uac8c \uccb4\ud5d8\ud558\uace0 \ub290\ub084 \uc218 \uc788\ub294 \ud504\ub85c\uadf8\ub7a8\uc785\ub2c8\ub2e4.'), STRINGDECODE('[\uc0dd\ud0dc\ub098\ub204\ub9ac] \uc57c\uc0dd\ud654\ud5a5\uae30\uc640 \ud568\uaed8 \ub5a0\ub098\ub294 \uc6d4\uc545\uc0b0\uc5ec\ud589')),
('prg-110', '', STRINGDECODE(' \ubb38\uacbd\uc9c0\uad6c \uc2e4\ubc84\uc138\ub300\uc758 \uac74\uac15\uc99d\uc9c4\uacfc \uc5ec\uac00\uc0dd\ud65c \uc9c0\uc6d0\uc744 \uacb0\ud569\ud55c \ud790\ub9c1 \ud504\ub85c\uadf8\ub7a8\uc785\ub2c8\ub2e4.'), STRINGDECODE('[\uc0dd\ud0dc\ub098\ub204\ub9ac] \uc544\ub984\ub2e4\uc6b4 \ub0a0\ub4e4\uc744 \uc704\ud55c \ud790\ub9c1'));


INSERT INTO "PUBLIC"."REGION" VALUES
('reg-1', STRINGDECODE('\uac15\uc6d0\ub3c4 \uc18d\ucd08'), NULL),
('reg-2', STRINGDECODE('\uc591\uc591'), NULL),
('reg-3', STRINGDECODE('\uace0\uc131'), NULL),
('reg-4', STRINGDECODE('\uac15\uc6d0\ub3c4 \uc624\ub300\uc0b0\uad6d\ub9bd\uacf5\uc6d0'), NULL),
('reg-5', STRINGDECODE('\uac15\uc6d0\ub3c4 \uc6d0\uc8fc\uc2dc \uc18c\ucd08\uba74 \ubb34\uc1e0\uc8102\uae38'), NULL),
('reg-6', STRINGDECODE('\uac15\uc6d0\ub3c4 \uc6d0\uc8fc\uc2dc \uc18c\ucd08\uba74 \ud559\uace1\ub9ac 900\ubc88\uc9c0'), NULL),
('reg-7', STRINGDECODE('\uac15\uc6d0\ub3c4 \ud3c9\ucc3d\uad70 \uc77c\ub300'), NULL),
('reg-8', STRINGDECODE('\uac15\uc6d0\ub3c4 \ud3c9\ucc3d\uad70 \uc9c4\ubd80\uba74'), NULL),
('reg-9', STRINGDECODE('\uacbd\uae30\ub3c4 \uc591\uc8fc\uc2dc \uad50\ud604\ub9ac'), NULL),
('reg-10', STRINGDECODE('\uacbd\uae30\ub3c4 \uc758\uc815\ubd80\uc2dc'), NULL),
('reg-11', STRINGDECODE('\uacbd\uc0c1\ub0a8\ub3c4'), NULL),
('reg-12', STRINGDECODE('\uacbd\uc0c1\ub0a8\ub3c4 \uac70\uc81c \uc77c\uc6d0'), NULL),
('reg-13', STRINGDECODE('\uacbd\uc0c1\ub0a8\ub3c4 \uc0b0\uccad\uad70 \uc2dc\ucc9c\uba74 \uc0ac\ub9ac 922-18'), NULL),
('reg-14', STRINGDECODE('\uacbd\uc0c1\ub0a8\ub3c4 \ub0a8\ud574\uad70'), NULL),
('reg-15', STRINGDECODE('\uacbd\uc0c1\ub0a8\ub3c4 \ub0a8\ud574\uad70 \uc0c1\uc8fc\uba74 \uc0c1\uc8fc\ub9ac 634\ubc88\uc9c0'), NULL),
('reg-16', STRINGDECODE('\uacbd\uc0c1\ub0a8\ub3c4 \ub0a8\ud574\uad70 \uc77c\uc6d0'), NULL),
('reg-17', STRINGDECODE('\uacbd\uc0c1\ub0a8\ub3c4 \uc0b0\uccad\uad70'), NULL),
('reg-18', STRINGDECODE('\ud558\ub3d9\uad70\ub4f1'), NULL),
('reg-19', STRINGDECODE('\uacbd\uc0c1\ub0a8\ub3c4 \ud1b5\uc601'), NULL),
('reg-20', STRINGDECODE('\uacbd\uc0c1\ub0a8\ub3c4 \ud1b5\uc601\uc2dc'), NULL),
('reg-21', STRINGDECODE('\uacbd\uc0c1\ub0a8\ub3c4 \ud1b5\uc601\uc2dc \uc77c\uc6d0'), NULL),
('reg-22', STRINGDECODE('\uacbd\uc0c1\ub0a8\ub3c4 \ud1b5\uc601\uc2dc \ud559\ub9bc\ub3c4 \uc77c\uc6d0'), NULL),
('reg-23', STRINGDECODE('\uacbd\uc0c1\ub0a8\ub3c4 \ud568\uc591 \ucd94\uc131\ub9c8\uc744'), NULL),
('reg-24', STRINGDECODE('\uacbd\uc0c1\ub0a8\ub3c4 \ud569\ucc9c\uad70 \uac00\uc57c\uba74'), NULL),
('reg-25', STRINGDECODE('\uacbd\uc0c1\ubd81\ub3c4 \uacbd\uc8fc\uc2dc'), NULL),
('reg-26', STRINGDECODE('\uacbd\uc0c1\ubd81\ub3c4 \uc18c\ubc31\uc0b0 \ubc0f \uc6d4\uc545\uc0b0\uad6d\ub9ac\uacf5\uc6d0 \uc77c\uc6d0'), NULL),
('reg-27', STRINGDECODE('\uacbd\uc0c1\ubd81\ub3c4 \uc601\uc8fc\uc2dc \ud48d\uae30\uc74d \uc218\ucca0\ub9ac \uc0b0 86-51'), NULL),
('reg-28', STRINGDECODE('\uacbd\uc0c1\ubd81\ub3c4 \uc601\uc8fc\uc2dc \ud48d\uae30\uc74d \uc218\ucca0\ub9ac \uc0b086-51\ubc88\uc9c0'), NULL),
('reg-29', STRINGDECODE('\uacbd\uc0c1\ubd81\ub3c4 \uccad\uc1a1\uad70 \ubd80\ub3d9\uba74 \uacf5\uc6d0\uae38 169-7'), NULL),
('reg-30', STRINGDECODE('\uacbd\uc0c1\ubd81\ub3c4 \uccad\uc1a1\uad70 \ubd80\ub3d9\uba74 \uc0c1\uc758\ub9ac'), NULL),
('reg-31', STRINGDECODE('\uacbd\uc0c1\ubd81\ub3c4 \uccad\uc1a1\uad70 \ubd80\ub3d9\uba74 \uc0c1\uc758\ub9ac 406\ubc88\uc9c0'), NULL),
('reg-32', STRINGDECODE('\ub300\uc804\uad11\uc5ed\uc2dc \uacc4\ub8e1\uc0b0\uad6d\ub9bd\uacf5\uc6d0 \uc218\ud1b5\uace8\uc9c0\uad6c'), NULL),
('reg-33', STRINGDECODE('\uc11c\uc6b8\ud2b9\ubcc4\uc2dc'), NULL),
('reg-34', STRINGDECODE('\uc11c\uc6b8\ud2b9\ubcc4\uc2dc \ub3c4\ubd09\uad6c'), NULL),
('reg-35', STRINGDECODE('\uc11c\uc6b8\ud2b9\ubcc4\uc2dc \uc740\ud3c9\uad6c \uc9c4\uad00\ub3d9'), NULL),
('reg-36', STRINGDECODE('\uc804\ub77c\ub0a8\ub3c4 \uace0\ud765\uad70 \uc77c\ub300'), NULL),
('reg-37', STRINGDECODE('\uc804\ub77c\ub0a8\ub3c4 \uad6c\ub840'), NULL),
('reg-38', STRINGDECODE('\uc804\ub77c\ub0a8\ub3c4 \ub3c4\ucd08\ub3c4'), NULL),
('reg-39', STRINGDECODE('\uc804\ub77c\ub0a8\ub3c4 \uc2e0\uc548\uad70 \ub3c4\ucd08\uba74 \uc6b0\uc774\ub3c4 \uc77c\uc6d0'), NULL),
('reg-40', STRINGDECODE('\uc804\ub77c\ub0a8\ub3c4 \uc2e0\uc548\uad70 \ud751\uc0b0\uba74 \uc601\uc0b0\ub3c4\ub9ac'), NULL),
('reg-41', STRINGDECODE('\uc804\ub77c\ub0a8\ub3c4 \uc601\uc554'), NULL),
('reg-42', STRINGDECODE('\uc804\ub77c\ub0a8\ub3c4 \uc601\uc554\uad70 \uc601\uc554\uc74d \ucc9c\ud669\uc0ac\ub85c 280-43 \uc6d4\ucd9c\uc0b0\uad6d\ub9bd\uacf5\uc6d0 \uc0ac\ubb34\uc18c'), NULL);
INSERT INTO "PUBLIC"."REGION" VALUES
('reg-43', STRINGDECODE('\uc804\ub77c\ub0a8\ub3c4 \uc601\uc554\uc74d \uc6d4\ucd9c\uc0b0\uad6d\ub9bd\uacf5\uc6d0\uc0ac\ubb34\uc18c'), NULL),
('reg-44', STRINGDECODE('\uc804\ub77c\ub0a8\ub3c4 \uc644\ub3c4\uad70 \ubc0f \ud574\ub0a8\uad70 \uc77c\ub300'), NULL),
('reg-45', STRINGDECODE('\uc804\ub77c\ub0a8\ub3c4 \uc644\ub3c4\uad70 \uccad\uc0b0\ub3c4 \uc77c\ub300'), NULL),
('reg-46', STRINGDECODE('\uc804\ub77c\ub0a8\ub3c4 \uc644\ub3c4\uad70~\uc5ec\uc218\uc2dc'), NULL),
('reg-47', STRINGDECODE('\uc804\ub77c\ub0a8\ub3c4 \uc7a5\uc131\uad70 \ubd81\ud558\uba74 \uc57d\uc218\ub9ac'), NULL),
('reg-48', STRINGDECODE('\uc804\ub77c\ub0a8\ub3c4 \uc2e0\uc548\uad70 \ud751\uc0b0\ub3c4 ~ \ud64d\ub3c4 \uc77c\uc6d0'), NULL),
('reg-49', STRINGDECODE('\uc804\ub77c\ub0a8\ub3c4 \uc7a5\uc131\uad70 \ubd81\ud558\uba74 \ubc31\uc591\ub85c 1116'), NULL),
('reg-50', STRINGDECODE('\uc804\ub77c\ub0a8\ub3c4 \uc9c4\ub3c4\uad70 \uc870\ub3c4\uba74 \uad00\ub9e4\ub3c4 \uc77c\uc6d0'), NULL),
('reg-51', STRINGDECODE('\uc804\ub77c\ub0a8\ub3c4 \ud654\uc21c'), NULL),
('reg-52', STRINGDECODE('\uc804\ub77c\ub0a8\ub3c4 \ud654\uc21c\uad70'), NULL),
('reg-53', STRINGDECODE('\uc804\ub77c\ubd81\ub3c4 \ub0a8\uc6d0'), NULL),
('reg-54', STRINGDECODE('\uc804\ub77c\ubd81\ub3c4 \ubb34\uc8fc\uad70'), NULL),
('reg-55', STRINGDECODE('\uc804\ub77c\ubd81\ub3c4 \ubb34\uc8fc\uad70 \uc124\ucc9c\uba74 \uc0bc\uacf5\ub9ac \uad6c\ucc9c\ub3d9\uacc4\uace1'), NULL),
('reg-56', STRINGDECODE('\uc804\uc8fc\uc2dc'), NULL),
('reg-57', STRINGDECODE('\ubd80\uc548\uad70'), NULL),
('reg-58', STRINGDECODE('\uc804\ub77c\ubd81\ub3c4 \ubd80\uc548'), NULL),
('reg-59', STRINGDECODE('\uc804\ub77c\ubd81\ub3c4 \uc815\uc74d\uc2dc \ub0b4\uc7a5\ub3d9 59-10 \ub0b4\uc7a5\uc0b0\uad6d\ub9bd\uacf5\uc6d0'), NULL),
('reg-60', STRINGDECODE('\uc804\ub77c\ubd81\ub3c4 \uc815\uc74d\uc2dc \ub0b4\uc7a5\ub3d9 59-10 \ub0b4\uc7a5\uc0b0\uad6d\ub9bd\uacf5\uc6d0\uc0ac\ubb34\uc18c'), NULL),
('reg-61', STRINGDECODE('\ucda9\uccad\ub0a8\ub3c4 \uacf5\uc8fc\uc2dc \ubc18\ud3ec\uba74 \uc628\ucc9c\ub9ac'), NULL),
('reg-62', STRINGDECODE('\ucda9\uccad\ub0a8\ub3c4 \uacf5\uc8fc\uc2dc \ubc18\ud3ec\uba74 \ud559\ubd09\ub9ac 777\ubc88\uc9c0 \uacc4\ub8e1\uc0b0\uad6d\ub9bd\uacf5\uc6d0\uc0ac\ubb34\uc18c'), NULL),
('reg-63', STRINGDECODE('\ucda9\uccad\ub0a8\ub3c4 \ud0dc\uc548\uad70 \ud0dc\uc548\uc74d \uadc0\uc2e4\uae38 9'), NULL),
('reg-64', STRINGDECODE('\ucda9\uccad\ub0a8\ub3c4 \ud0dc\uc548\uad70 \ud0dc\uc548\ud574\uc548\uad6d\ub9bd\uacf5\uc6d0 \uc77c\uc6d0'), NULL),
('reg-65', STRINGDECODE('\ucda9\uccad\ub0a8\ub3c4 \ud0dc\uc548\ud574\uc548\uad6d\ub9bd\uacf5\uc6d0'), NULL),
('reg-66', STRINGDECODE('\ucda9\uccad\ubd81\ub3c4 \ub2e8\uc591\uad70'), NULL),
('reg-67', STRINGDECODE('\ucda9\uccad\ubd81\ub3c4 \ub2e8\uc591\uad70 \uac00\uace1\uba74 \uc5b4\uc758\uace1\ub9ac'), NULL),
('reg-68', STRINGDECODE('\ucda9\uccad\ubd81\ub3c4 \ub2e8\uc591\uad70 \ub2e8\uc131\uba74'), NULL),
('reg-69', STRINGDECODE('\ucda9\uccad\ubd81\ub3c4 \ubcf4\uc740\uad70'), NULL),
('reg-70', STRINGDECODE('\ucda9\uccad\ubd81\ub3c4 \ubcf4\uc740\uad70 \uc18d\ub9ac\uc0b0\uba74 \uc0c1\ud310\ub9ac 19-1\ubc88\uc9c0'), NULL),
('reg-71', STRINGDECODE('\ucda9\uccad\ubd81\ub3c4 \ubcf4\uc740\uad70 \uc18d\ub9ac\uc0b0\uba74 \uc0c1\ud310\ub9ac \ubc95\uc8fc\uc0ac\ub85c 84'), NULL),
('reg-72', STRINGDECODE('\ucda9\uccad\ubd81\ub3c4 \ubcf4\uc740\uad70 \uc18d\ub9ac\uc0b0\uba74 \uc0c1\ud310\ub9ac \ubc95\uc8fc\uc0ac\ub85c84'), NULL),
('reg-73', STRINGDECODE('\ucda9\uccad\ubd81\ub3c4 \ucda9\uc8fc\uc2dc \uc218\uc548\ubcf4\uba74 \ubbf8\ub975\ub85c 568\ubc88\uc9c0'), NULL),
('reg-74', STRINGDECODE('\ucda9\uccad\ubd81\ub3c4 \uc6d4\uc545\uc0b0'), NULL),
('reg-75', STRINGDECODE('\uc18c\ubc31\uc0b0 \uc77c\uc6d0'), NULL),
('reg-76', STRINGDECODE('\ucda9\uccad\ubd81\ub3c4 \uc81c\ucc9c\uc2dc \ud55c\uc218\uba74'), NULL);


INSERT INTO "PUBLIC"."THEME" VALUES
(1, STRINGDECODE('\ubb38\ud654\uc0dd\ud0dc\uccb4\ud5d8')),
(2, STRINGDECODE('\uc790\uc5f0\uc0dd\ud0dc\uccb4\ud5d8')),
(3, STRINGDECODE('\uc544\ub3d9\u00b7\uccad\uc18c\ub144 \uccb4\ud5d8\ud559\uc2b5')),
(4, STRINGDECODE('\uac74\uac15\ub098\ub204\ub9ac\ucea0\ud504')),
(5, STRINGDECODE('\ub18d\uc5b4\ucd0c\uc0dd\ud0dc\uccb4\ud5d8')),
(6, STRINGDECODE('\uc232 \uce58\uc720')),
(7, STRINGDECODE('\uc790\uc5f0\uc0dd\ud0dc')),
(8, STRINGDECODE('\ub290\ub084\uac70\ub9ac')),
(9, STRINGDECODE('\uc5ed\uc0ac\ubb38\ud654')),
(10, STRINGDECODE('\ud574\uc548\uc0dd\ud0dc')),
(11, 'PL01'),
(12, ''),
(13, STRINGDECODE('\ub180\uac70\ub9ac')),
(14, STRINGDECODE('\ubcfc\uac70\ub9ac'));


INSERT INTO "PUBLIC"."PROGRAM_REGION" VALUES
('prg-1', 'reg-1'),
('prg-2', 'reg-1'),
('prg-2', 'reg-2'),
('prg-2', 'reg-3'),
('prg-3', 'reg-4'),
('prg-4', 'reg-5'),
('prg-5', 'reg-6'),
('prg-6', 'reg-6'),
('prg-7', 'reg-6'),
('prg-8', 'reg-6'),
('prg-9', 'reg-6'),
('prg-10', 'reg-6'),
('prg-11', 'reg-6'),
('prg-12', 'reg-7'),
('prg-13', 'reg-8'),
('prg-14', 'reg-8'),
('prg-15', 'reg-8'),
('prg-16', 'reg-9'),
('prg-17', 'reg-10'),
('prg-18', 'reg-11'),
('prg-19', 'reg-12'),
('prg-20', 'reg-13'),
('prg-21', 'reg-14'),
('prg-22', 'reg-15'),
('prg-23', 'reg-16'),
('prg-24', 'reg-17'),
('prg-25', 'reg-17'),
('prg-25', 'reg-18'),
('prg-26', 'reg-19'),
('prg-27', 'reg-19'),
('prg-28', 'reg-19'),
('prg-29', 'reg-19'),
('prg-30', 'reg-20'),
('prg-31', 'reg-21'),
('prg-32', 'reg-21'),
('prg-33', 'reg-22'),
('prg-34', 'reg-23'),
('prg-35', 'reg-24'),
('prg-36', 'reg-24'),
('prg-37', 'reg-25'),
('prg-38', 'reg-25'),
('prg-39', 'reg-25'),
('prg-40', 'reg-25'),
('prg-41', 'reg-25'),
('prg-42', 'reg-26'),
('prg-43', 'reg-27'),
('prg-44', 'reg-28'),
('prg-45', 'reg-29'),
('prg-46', 'reg-29'),
('prg-47', 'reg-30'),
('prg-48', 'reg-31'),
('prg-49', 'reg-32'),
('prg-50', 'reg-33'),
('prg-51', 'reg-33'),
('prg-52', 'reg-33'),
('prg-53', 'reg-34'),
('prg-54', 'reg-34'),
('prg-55', 'reg-34'),
('prg-56', 'reg-34'),
('prg-57', 'reg-35'),
('prg-58', 'reg-36'),
('prg-59', 'reg-37'),
('prg-60', 'reg-37'),
('prg-61', 'reg-37'),
('prg-62', 'reg-38'),
('prg-63', 'reg-39'),
('prg-64', 'reg-40'),
('prg-65', 'reg-41'),
('prg-66', 'reg-42'),
('prg-67', 'reg-43'),
('prg-68', 'reg-44'),
('prg-69', 'reg-45'),
('prg-70', 'reg-46'),
('prg-71', 'reg-47'),
('prg-72', 'reg-47'),
('prg-73', 'reg-47'),
('prg-74', 'reg-48'),
('prg-75', 'reg-49'),
('prg-76', 'reg-49'),
('prg-77', 'reg-49'),
('prg-78', 'reg-49'),
('prg-79', 'reg-49'),
('prg-80', 'reg-50'),
('prg-81', 'reg-51'),
('prg-82', 'reg-52'),
('prg-83', 'reg-53'),
('prg-84', 'reg-53'),
('prg-85', 'reg-54'),
('prg-86', 'reg-55'),
('prg-87', 'reg-54'),
('prg-87', 'reg-56'),
('prg-87', 'reg-57'),
('prg-88', 'reg-58'),
('prg-89', 'reg-59'),
('prg-90', 'reg-59'),
('prg-91', 'reg-60'),
('prg-92', 'reg-61'),
('prg-93', 'reg-61'),
('prg-94', 'reg-62'),
('prg-95', 'reg-63'),
('prg-96', 'reg-64'),
('prg-97', 'reg-65'),
('prg-98', 'reg-66'),
('prg-99', 'reg-67'),
('prg-100', 'reg-68'),
('prg-101', 'reg-69'),
('prg-102', 'reg-69'),
('prg-103', 'reg-70'),
('prg-104', 'reg-71'),
('prg-105', 'reg-71'),
('prg-106', 'reg-72'),
('prg-107', 'reg-73'),
('prg-108', 'reg-74'),
('prg-108', 'reg-75'),
('prg-109', 'reg-76'),
('prg-110', 'reg-76');

INSERT INTO "PUBLIC"."PROGRAM_THEME" VALUES
('prg-1', 1),
('prg-1', 2),
('prg-2', 3),
('prg-3', 1),
('prg-4', 4),
('prg-5', 5),
('prg-6', 2),
('prg-7', 5),
('prg-8', 3),
('prg-9', 2),
('prg-10', 2),
('prg-11', 1),
('prg-11', 3),
('prg-11', 4),
('prg-12', 3),
('prg-13', 6),
('prg-14', 7),
('prg-15', 1),
('prg-15', 2),
('prg-16', 1),
('prg-17', 1),
('prg-18', 8),
('prg-19', 2),
('prg-20', 3),
('prg-21', 4),
('prg-22', 2),
('prg-23', 3),
('prg-24', 5),
('prg-24', 1),
('prg-24', 2),
('prg-25', 2),
('prg-25', 1),
('prg-26', 1),
('prg-27', 1),
('prg-28', 9),
('prg-29', 10),
('prg-30', 4),
('prg-31', 3),
('prg-32', 3),
('prg-33', 2),
('prg-34', 7),
('prg-35', 3),
('prg-36', 4),
('prg-37', 4),
('prg-37', 2),
('prg-38', 1),
('prg-39', 1),
('prg-39', 3),
('prg-40', 11),
('prg-40', 3),
('prg-41', 1),
('prg-42', 3),
('prg-43', 1),
('prg-44', 2),
('prg-45', 3),
('prg-46', 1),
('prg-47', 7),
('prg-48', 2),
('prg-49', 4),
('prg-50', 4),
('prg-51', 3),
('prg-52', 2),
('prg-53', 4),
('prg-54', 2),
('prg-55', 3),
('prg-56', 3),
('prg-57', 8),
('prg-58', 1),
('prg-59', 2),
('prg-59', 1),
('prg-60', 2),
('prg-61', 2),
('prg-61', 1),
('prg-62', 3),
('prg-62', 12),
('prg-63', 13),
('prg-63', 8),
('prg-63', 14),
('prg-64', 2),
('prg-65', 5),
('prg-66', 3),
('prg-66', 1),
('prg-66', 2),
('prg-66', 5),
('prg-67', 4),
('prg-68', 3),
('prg-69', 1),
('prg-70', 5),
('prg-71', 2),
('prg-72', 3),
('prg-73', 2),
('prg-74', 3),
('prg-75', 2),
('prg-76', 4),
('prg-77', 2),
('prg-78', 2),
('prg-78', 1),
('prg-79', 2),
('prg-80', 2),
('prg-81', 2),
('prg-81', 4),
('prg-81', 1),
('prg-82', 4),
('prg-83', 2),
('prg-84', 2),
('prg-84', 4),
('prg-85', 1),
('prg-86', 2),
('prg-87', 3),
('prg-88', 1),
('prg-88', 5),
('prg-89', 2),
('prg-90', 4),
('prg-91', 4),
('prg-92', 2),
('prg-92', 1),
('prg-93', 2),
('prg-93', 1),
('prg-94', 3),
('prg-95', 4),
('prg-96', 2),
('prg-97', 3),
('prg-98', 7),
('prg-99', 5),
('prg-100', 1),
('prg-100', 2),
('prg-101', 1),
('prg-102', 3),
('prg-102', 1),
('prg-103', 3),
('prg-103', 2),
('prg-104', 3),
('prg-105', 3),
('prg-106', 1),
('prg-107', 2),
('prg-108', 3),
('prg-109', 2),
('prg-110', 2);

